start,end,count,registered,
1.0.16.0,1.0.31.255,4096,12/04/11,
1.0.64.0,1.0.127.255,16384,12/04/11,
1.1.64.0,1.1.127.255,16384,12/04/11,
1.5.0.0,1.5.255.255,65536,01/04/11,
1.21.0.0,1.21.63.255,16384,16/06/10,
1.21.64.0,1.21.95.255,8192,16/06/10,
1.21.96.0,1.21.111.255,4096,16/06/10,
1.21.112.0,1.21.127.255,4096,16/06/10,
1.21.128.0,1.21.143.255,4096,16/06/10,
1.21.144.0,1.21.159.255,4096,16/06/10,
1.21.160.0,1.21.191.255,8192,16/06/10,
1.21.192.0,1.21.255.255,16384,16/06/10,
1.33.0.0,1.33.255.255,65536,28/06/10,
1.66.0.0,1.67.255.255,131072,01/07/10,
1.72.0.0,1.79.255.255,524288,01/07/10,
1.112.0.0,1.115.255.255,262144,02/06/10,
14.3.0.0,14.3.255.255,65536,19/01/11,
14.8.0.0,14.15.255.255,524288,17/08/10,
14.101.0.0,14.101.255.255,65536,17/08/10,
14.102.192.0,14.102.223.255,8192,20/09/10,
14.128.16.0,14.128.31.255,4096,20/09/10,
14.128.64.0,14.128.95.255,8192,20/09/10,
14.128.96.0,14.128.127.255,8192,20/09/10,
14.132.0.0,14.133.255.255,131072,01/09/10,
14.137.224.0,14.137.255.255,8192,07/03/11,
14.192.32.0,14.192.47.255,4096,21/09/10,
14.192.96.0,14.192.127.255,8192,14/09/10,
14.193.0.0,14.193.255.255,65536,16/08/10,
23.232.128.0,23.232.255.255,32768,23/09/13,
24.41.112.0,24.41.127.255,4096,14/11/13,
24.53.192.0,24.53.223.255,8192,07/10/14,
27.0.16.0,27.0.31.255,4096,10/03/10,
27.0.32.0,27.0.47.255,4096,15/03/10,
27.34.128.0,27.34.159.255,8192,25/03/10,
27.34.192.0,27.34.223.255,8192,25/03/10,
27.50.96.0,27.50.127.255,8192,04/03/11,
27.54.96.0,27.54.111.255,4096,22/03/10,
27.80.0.0,27.95.255.255,1048576,28/04/10,
27.96.0.0,27.96.15.255,4096,14/05/10,
27.96.32.0,27.96.63.255,8192,18/05/10,
27.98.0.0,27.98.127.255,32768,20/05/10,
27.98.128.0,27.98.191.255,16384,20/05/10,
27.100.48.0,27.100.63.255,4096,03/06/10,
27.106.224.0,27.106.255.255,8192,11/06/10,
27.110.0.0,27.110.15.255,4096,24/06/10,
27.110.32.0,27.110.63.255,8192,23/06/10,
27.110.96.0,27.110.111.255,4096,28/06/10,
27.111.128.0,27.111.159.255,8192,29/06/10,
27.113.192.0,27.113.223.255,8192,08/07/10,
27.113.224.0,27.113.239.255,4096,12/07/10,
27.114.0.0,27.114.127.255,32768,12/07/10,
27.116.0.0,27.116.15.255,4096,13/07/10,
27.118.0.0,27.118.15.255,4096,22/07/10,
27.120.64.0,27.120.127.255,16384,02/09/10,
27.120.128.0,27.120.143.255,4096,02/09/10,
27.120.144.0,27.120.159.255,4096,02/09/10,
27.120.160.0,27.120.175.255,4096,02/09/10,
27.120.176.0,27.120.191.255,4096,02/09/10,
27.120.192.0,27.120.255.255,16384,02/09/10,
27.121.0.0,27.121.63.255,16384,06/09/10,
27.121.128.0,27.121.255.255,32768,08/09/10,
27.122.32.0,27.122.47.255,4096,04/10/10,
27.122.64.0,27.122.95.255,8192,05/10/10,
27.122.96.0,27.122.111.255,4096,05/10/10,
27.126.64.0,27.126.127.255,16384,14/10/10,
27.126.128.0,27.126.143.255,4096,14/10/10,
27.126.160.0,27.126.175.255,4096,19/10/10,
27.127.0.0,27.127.127.255,32768,14/10/10,
27.127.128.0,27.127.191.255,16384,19/10/10,
27.127.240.0,27.127.255.255,4096,01/11/10,
27.131.16.0,27.131.31.255,4096,21/04/10,
27.131.224.0,27.131.239.255,4096,23/04/10,
27.132.16.0,27.132.31.255,4096,21/04/10,
27.132.32.0,27.132.63.255,8192,21/04/10,
27.132.64.0,27.132.127.255,16384,21/04/10,
27.132.128.0,27.132.159.255,8192,21/04/10,
27.132.160.0,27.132.175.255,4096,21/04/10,
27.132.176.0,27.132.191.255,4096,21/04/10,
27.132.192.0,27.132.255.255,16384,21/04/10,
27.133.48.0,27.133.63.255,4096,21/04/10,
27.133.64.0,27.133.79.255,4096,21/04/10,
27.133.96.0,27.133.127.255,8192,21/04/10,
27.133.128.0,27.133.159.255,8192,21/04/10,
27.133.176.0,27.133.191.255,4096,21/04/10,
27.133.192.0,27.133.207.255,4096,21/04/10,
27.133.208.0,27.133.223.255,4096,21/04/10,
27.134.0.0,27.134.15.255,4096,21/04/10,
27.134.32.0,27.134.63.255,8192,21/04/10,
27.134.80.0,27.134.95.255,4096,21/04/10,
27.134.96.0,27.134.127.255,8192,21/04/10,
27.134.128.0,27.134.159.255,8192,21/04/10,
27.134.160.0,27.134.175.255,4096,21/04/10,
27.134.192.0,27.134.223.255,8192,21/04/10,
27.134.240.0,27.134.255.255,4096,21/04/10,
27.135.0.0,27.135.31.255,8192,21/04/10,
27.135.32.0,27.135.47.255,4096,21/04/10,
27.135.80.0,27.135.95.255,4096,21/04/10,
27.135.96.0,27.135.127.255,8192,21/04/10,
27.135.128.0,27.135.255.255,32768,21/04/10,
27.136.0.0,27.143.255.255,524288,14/04/10,
27.147.64.0,27.147.79.255,4096,27/03/10,
27.147.80.0,27.147.95.255,4096,27/03/10,
27.147.96.0,27.147.111.255,4096,27/03/10,
27.147.112.0,27.147.127.255,4096,27/03/10,
27.228.0.0,27.231.255.255,262144,27/03/10,
27.253.128.0,27.253.255.255,32768,22/03/11,
36.2.0.0,36.2.31.255,8192,01/02/11,
36.2.32.0,36.2.63.255,8192,01/02/11,
36.2.64.0,36.2.127.255,16384,01/02/11,
36.2.128.0,36.2.159.255,8192,01/02/11,
36.2.160.0,36.2.191.255,8192,01/02/11,
36.2.192.0,36.2.223.255,8192,01/02/11,
36.2.224.0,36.2.255.255,8192,01/02/11,
36.3.0.0,36.3.127.255,32768,01/02/11,
36.3.128.0,36.3.191.255,16384,01/02/11,
36.3.192.0,36.3.223.255,8192,01/02/11,
36.3.224.0,36.3.255.255,8192,01/02/11,
36.8.0.0,36.15.255.255,524288,13/01/11,
36.52.0.0,36.52.15.255,4096,03/02/11,
36.52.32.0,36.52.63.255,8192,03/02/11,
36.52.64.0,36.52.95.255,8192,03/02/11,
36.52.96.0,36.52.111.255,4096,03/02/11,
36.52.128.0,36.52.143.255,4096,03/02/11,
36.52.176.0,36.52.191.255,4096,03/02/11,
36.52.192.0,36.52.207.255,4096,03/02/11,
36.52.240.0,36.52.255.255,4096,03/02/11,
36.53.0.0,36.53.127.255,32768,03/02/11,
36.53.128.0,36.53.191.255,16384,03/02/11,
36.53.192.0,36.53.223.255,8192,03/02/11,
36.53.224.0,36.53.239.255,4096,03/02/11,
36.53.240.0,36.53.255.255,4096,03/02/11,
36.54.0.0,36.55.255.255,131072,03/02/11,
36.240.0.0,36.247.255.255,524288,02/02/11,
39.2.0.0,39.3.255.255,131072,01/04/11,
39.110.0.0,39.111.255.255,131072,05/04/11,
42.83.0.0,42.83.63.255,16384,22/03/11,
42.99.128.0,42.99.255.255,32768,15/03/11,
42.124.0.0,42.127.255.255,262144,28/02/11,
42.144.0.0,42.151.255.255,524288,11/02/11,
43.222.0.0,43.223.255.255,131072,21/02/89,
43.232.0.0,43.235.255.255,262144,23/07/09,
43.244.0.0,43.244.255.255,65536,23/07/09,
43.253.0.0,43.253.255.255,65536,23/07/09,
45.75.0.0,45.75.127.255,32768,24/04/15,
49.96.0.0,49.111.255.255,1048576,19/11/10,
49.128.128.0,49.128.159.255,8192,08/11/10,
49.129.0.0,49.129.255.255,65536,14/10/10,
49.132.0.0,49.135.255.255,262144,04/10/10,
49.156.160.0,49.156.191.255,8192,26/11/10,
49.156.192.0,49.156.255.255,16384,26/11/10,
49.212.0.0,49.212.255.255,65536,07/12/10,
49.238.0.0,49.238.31.255,8192,06/12/10,
49.239.64.0,49.239.127.255,16384,06/12/10,
49.240.0.0,49.241.255.255,131072,29/10/10,
49.242.0.0,49.242.63.255,16384,29/10/10,
49.242.64.0,49.242.127.255,16384,29/10/10,
49.242.128.0,49.242.159.255,8192,29/10/10,
49.242.160.0,49.242.191.255,8192,29/10/10,
49.242.192.0,49.242.255.255,16384,29/10/10,
49.243.0.0,49.243.255.255,65536,29/10/10,
49.250.0.0,49.251.255.255,131072,08/10/10,
49.252.0.0,49.253.255.255,131072,08/10/10,
58.0.0.0,58.1.255.255,131072,06/01/05,
58.3.0.0,58.3.127.255,32768,04/03/05,
58.3.128.0,58.3.255.255,32768,04/04/06,
58.4.0.0,58.5.255.255,131072,18/01/05,
58.12.0.0,58.13.255.255,131072,22/02/05,
58.65.32.0,58.65.63.255,8192,21/09/06,
58.70.0.0,58.70.255.255,65536,05/04/05,
58.80.0.0,58.81.255.255,131072,29/03/05,
58.84.240.0,58.84.255.255,4096,21/12/10,
58.85.0.0,58.85.255.255,65536,11/04/05,
58.87.16.0,58.87.31.255,4096,21/09/06,
58.87.128.0,58.87.255.255,32768,30/05/05,
58.88.0.0,58.89.255.255,131072,29/03/05,
58.90.0.0,58.91.255.255,131072,31/03/05,
58.92.0.0,58.95.255.255,262144,31/03/05,
58.98.0.0,58.98.255.255,65536,13/04/05,
58.112.0.0,58.113.255.255,131072,28/04/05,
58.138.0.0,58.138.127.255,32768,24/05/05,
58.138.128.0,58.138.191.255,16384,21/02/06,
58.145.192.0,58.145.223.255,8192,14/06/05,
58.145.240.0,58.145.255.255,4096,14/06/05,
58.146.0.0,58.146.63.255,16384,06/06/05,
58.146.64.0,58.146.95.255,8192,23/01/06,
58.147.192.0,58.147.223.255,8192,03/06/05,
58.147.224.0,58.147.255.255,8192,01/07/05,
58.156.0.0,58.157.255.255,131072,07/06/05,
58.158.0.0,58.159.255.255,131072,26/07/05,
58.183.0.0,58.183.127.255,32768,13/10/06,
58.183.128.0,58.183.255.255,32768,24/09/07,
58.188.0.0,58.191.255.255,262144,11/07/05,
59.84.0.0,59.85.255.255,131072,24/08/04,
59.86.0.0,59.86.127.255,32768,24/08/04,
59.86.128.0,59.86.159.255,8192,24/08/04,
59.87.0.0,59.87.255.255,65536,01/10/04,
59.106.0.0,59.106.255.255,65536,13/10/04,
59.128.0.0,59.143.255.255,1048576,19/10/04,
59.146.0.0,59.146.255.255,65536,04/08/05,
59.147.0.0,59.147.255.255,65536,23/12/05,
59.156.0.0,59.156.15.255,4096,18/11/04,
59.156.32.0,59.156.63.255,8192,18/11/04,
59.156.64.0,59.156.127.255,16384,18/11/04,
59.156.144.0,59.156.159.255,4096,18/11/04,
59.156.160.0,59.156.191.255,8192,18/11/04,
59.156.192.0,59.156.255.255,16384,18/11/04,
59.157.0.0,59.157.127.255,32768,18/11/04,
59.157.128.0,59.157.191.255,16384,18/11/04,
59.157.192.0,59.157.207.255,4096,18/11/04,
59.157.208.0,59.157.223.255,4096,18/11/04,
59.157.224.0,59.157.255.255,8192,18/11/04,
59.158.0.0,59.159.255.255,131072,19/11/04,
59.166.0.0,59.166.255.255,65536,23/11/04,
59.168.0.0,59.171.255.255,262144,23/11/04,
59.190.0.0,59.190.255.255,65536,17/12/04,
59.191.128.0,59.191.191.255,16384,24/10/06,
60.32.0.0,60.47.255.255,1048576,02/04/04,
60.56.0.0,60.56.255.255,65536,15/06/04,
60.57.0.0,60.57.127.255,32768,15/06/04,
60.57.128.0,60.57.255.255,32768,17/12/04,
60.58.0.0,60.59.255.255,131072,16/06/04,
60.60.0.0,60.61.255.255,131072,16/06/04,
60.62.0.0,60.62.127.255,32768,16/06/04,
60.62.128.0,60.62.143.255,4096,16/06/04,
60.62.144.0,60.62.159.255,4096,18/07/05,
60.62.160.0,60.62.191.255,8192,18/07/05,
60.62.192.0,60.62.255.255,16384,18/07/05,
60.64.0.0,60.127.255.255,4194304,20/05/04,
60.128.0.0,60.159.255.255,2097152,20/05/04,
60.192.0.0,60.193.255.255,131072,23/06/04,
60.236.0.0,60.237.255.255,131072,04/08/04,
60.238.0.0,60.239.255.255,131072,02/06/05,
60.254.192.0,60.254.255.255,16384,01/09/06,
61.4.128.0,61.4.159.255,8192,11/02/02,
61.4.160.0,61.4.175.255,4096,10/12/02,
61.5.224.0,61.5.239.255,4096,28/07/06,
61.7.0.0,61.7.63.255,16384,29/10/02,
61.7.64.0,61.7.127.255,16384,10/09/03,
61.8.32.0,61.8.63.255,8192,12/01/04,
61.11.128.0,61.11.159.255,8192,11/09/03,
61.11.160.0,61.11.175.255,4096,19/12/03,
61.11.176.0,61.11.191.255,4096,24/01/05,
61.11.192.0,61.11.207.255,4096,24/01/05,
61.12.128.0,61.12.255.255,32768,11/07/05,
61.14.128.0,61.14.159.255,8192,12/03/04,
61.14.160.0,61.14.191.255,8192,12/04/05,
61.21.0.0,61.21.255.255,65536,17/05/02,
61.22.0.0,61.22.127.255,32768,17/05/02,
61.22.128.0,61.22.159.255,8192,17/05/02,
61.22.160.0,61.22.191.255,8192,17/03/03,
61.22.192.0,61.22.255.255,16384,17/03/03,
61.23.0.0,61.23.63.255,16384,17/03/03,
61.23.64.0,61.23.127.255,16384,16/10/03,
61.23.128.0,61.23.255.255,32768,16/10/03,
61.24.0.0,61.24.127.255,32768,15/03/01,
61.24.128.0,61.24.255.255,32768,20/03/01,
61.25.0.0,61.25.31.255,8192,20/03/01,
61.25.32.0,61.25.63.255,8192,12/07/01,
61.25.64.0,61.25.127.255,16384,12/07/01,
61.25.128.0,61.25.255.255,32768,12/07/01,
61.26.0.0,61.26.255.255,65536,12/07/01,
61.27.0.0,61.27.127.255,32768,29/01/02,
61.27.128.0,61.27.143.255,4096,29/01/02,
61.27.144.0,61.27.159.255,4096,16/10/03,
61.27.160.0,61.27.191.255,8192,16/10/03,
61.27.192.0,61.27.255.255,16384,16/10/03,
61.44.16.0,61.44.31.255,4096,28/08/03,
61.44.32.0,61.44.63.255,8192,28/08/03,
61.44.80.0,61.44.95.255,4096,26/09/03,
61.44.96.0,61.44.127.255,8192,26/09/03,
61.44.128.0,61.44.191.255,16384,27/04/04,
61.44.192.0,61.44.223.255,8192,06/10/03,
61.44.224.0,61.44.239.255,4096,01/09/03,
61.44.240.0,61.44.255.255,4096,29/01/04,
61.45.0.0,61.45.127.255,32768,02/09/03,
61.45.192.0,61.45.223.255,8192,22/08/06,
61.46.0.0,61.46.255.255,65536,30/08/03,
61.86.0.0,61.86.255.255,65536,20/08/02,
61.87.16.0,61.87.31.255,4096,26/09/03,
61.87.32.0,61.87.63.255,8192,26/09/03,
61.87.64.0,61.87.127.255,16384,26/02/04,
61.87.128.0,61.87.191.255,16384,01/03/05,
61.89.0.0,61.89.255.255,65536,20/05/04,
61.112.0.0,61.127.255.255,1048576,29/09/00,
61.192.0.0,61.199.255.255,524288,31/05/01,
61.200.0.0,61.207.255.255,524288,30/01/01,
61.208.0.0,61.215.255.255,524288,30/01/01,
61.245.32.0,61.245.63.255,8192,21/07/05,
61.245.64.0,61.245.95.255,8192,21/07/05,
61.245.96.0,61.245.111.255,4096,21/07/05,
61.245.192.0,61.245.207.255,4096,31/01/07,
64.33.0.0,64.33.63.255,16384,02/01/00,
64.56.160.0,64.56.191.255,8192,21/03/00,
64.63.64.0,64.63.127.255,16384,13/02/17,
66.11.48.0,66.11.63.255,4096,18/05/06,
69.6.64.0,69.6.79.255,4096,21/11/02,
76.77.48.0,76.77.63.255,4096,10/01/12,
80.208.192.0,80.208.207.255,4096,12/12/01,
81.23.208.0,81.23.223.255,4096,05/02/92,
85.131.192.0,85.131.255.255,16384,24/11/04,
87.101.96.0,87.101.111.255,4096,15/12/05,
90.149.0.0,90.149.255.255,65536,11/12/06,
92.202.0.0,92.203.255.255,131072,17/10/07,
101.0.16.0,101.0.31.255,4096,09/12/10,
101.1.64.0,101.1.127.255,16384,14/12/10,
101.1.128.0,101.1.255.255,32768,29/12/10,
101.2.128.0,101.2.159.255,8192,14/12/10,
101.50.32.0,101.50.47.255,4096,14/12/10,
101.50.128.0,101.50.191.255,16384,01/02/11,
101.50.192.0,101.50.223.255,8192,01/02/11,
101.50.224.0,101.50.255.255,8192,01/02/11,
101.53.112.0,101.53.127.255,4096,14/12/10,
101.55.128.0,101.55.191.255,16384,18/02/11,
101.55.192.0,101.55.223.255,8192,10/03/11,
101.55.240.0,101.55.255.255,4096,14/12/10,
101.96.32.0,101.96.63.255,8192,15/03/11,
101.97.0.0,101.97.31.255,8192,07/04/11,
101.97.128.0,101.97.255.255,32768,07/04/11,
101.102.0.0,101.102.63.255,16384,23/02/11,
101.102.128.0,101.102.255.255,32768,01/03/11,
101.110.0.0,101.110.63.255,16384,01/03/11,
101.110.128.0,101.110.255.255,32768,04/03/11,
101.111.0.0,101.111.255.255,65536,23/12/10,
101.128.128.0,101.128.255.255,32768,04/03/11,
101.140.0.0,101.143.255.255,262144,22/12/10,
101.203.0.0,101.203.31.255,8192,07/03/11,
101.203.32.0,101.203.47.255,4096,07/03/11,
101.203.48.0,101.203.63.255,4096,07/03/11,
101.203.64.0,101.203.79.255,4096,07/03/11,
101.203.96.0,101.203.127.255,8192,07/03/11,
101.203.192.0,101.203.255.255,16384,08/03/11,
104.200.112.0,104.200.127.255,4096,10/02/14,
104.251.144.0,104.251.159.255,4096,22/12/14,
106.72.0.0,106.73.255.255,131072,05/04/11,
106.128.0.0,106.191.255.255,4194304,15/03/11,
107.153.0.0,107.153.255.255,65536,25/11/13,
109.236.0.0,109.236.15.255,4096,27/11/09,
110.0.0.0,110.3.255.255,262144,17/02/09,
110.4.48.0,110.4.63.255,4096,23/02/09,
110.4.128.0,110.4.255.255,32768,24/02/09,
110.5.0.0,110.5.63.255,16384,24/02/09,
110.44.64.0,110.44.95.255,8192,10/03/09,
110.44.128.0,110.44.143.255,4096,11/03/09,
110.50.0.0,110.50.15.255,4096,18/03/09,
110.50.64.0,110.50.79.255,4096,20/03/09,
110.50.96.0,110.50.127.255,8192,23/03/09,
110.50.192.0,110.50.223.255,8192,24/03/09,
110.50.240.0,110.50.255.255,4096,27/03/09,
110.54.0.0,110.54.127.255,32768,24/03/09,
110.66.0.0,110.67.255.255,131072,26/03/09,
110.74.0.0,110.74.31.255,8192,27/03/09,
110.74.32.0,110.74.47.255,4096,27/03/09,
110.74.48.0,110.74.63.255,4096,27/03/09,
110.74.64.0,110.74.79.255,4096,27/03/09,
110.74.80.0,110.74.95.255,4096,27/03/09,
110.74.96.0,110.74.111.255,4096,27/03/09,
110.74.224.0,110.74.255.255,8192,02/04/09,
110.92.0.0,110.92.15.255,4096,09/04/09,
110.92.32.0,110.92.63.255,8192,14/04/09,
110.92.80.0,110.92.95.255,4096,17/04/09,
110.93.96.0,110.93.111.255,4096,22/04/09,
110.128.0.0,110.135.255.255,524288,16/04/09,
110.158.0.0,110.158.255.255,65536,21/04/09,
110.160.0.0,110.163.255.255,262144,21/04/09,
110.165.128.0,110.165.255.255,32768,28/04/09,
110.172.0.0,110.172.15.255,4096,28/04/09,
110.172.32.0,110.172.47.255,4096,29/04/09,
110.173.240.0,110.173.255.255,4096,12/05/09,
110.232.0.0,110.232.31.255,8192,12/05/09,
110.232.160.0,110.232.175.255,4096,25/05/09,
110.232.192.0,110.232.223.255,8192,27/05/09,
110.233.0.0,110.233.255.255,65536,21/05/09,
111.64.0.0,111.64.255.255,65536,26/05/09,
111.65.192.0,111.65.223.255,8192,01/06/09,
111.67.112.0,111.67.127.255,4096,03/06/09,
111.67.128.0,111.67.191.255,16384,03/06/09,
111.68.128.0,111.68.255.255,32768,10/06/09,
111.86.0.0,111.87.255.255,131072,12/06/09,
111.89.0.0,111.89.255.255,65536,12/06/09,
111.90.0.0,111.90.127.255,32768,16/06/09,
111.91.240.0,111.91.255.255,4096,24/06/09,
111.96.0.0,111.111.255.255,1048576,12/06/09,
111.119.0.0,111.119.31.255,8192,02/07/09,
111.125.0.0,111.125.63.255,16384,06/07/09,
111.168.0.0,111.169.255.255,131072,21/05/09,
111.171.128.0,111.171.255.255,32768,26/05/09,
111.188.0.0,111.191.255.255,262144,25/05/09,
111.216.0.0,111.217.255.255,131072,09/07/09,
111.223.192.0,111.223.223.255,8192,20/07/09,
111.232.0.0,111.233.255.255,131072,07/08/09,
111.234.0.0,111.234.31.255,8192,07/08/09,
111.234.32.0,111.234.47.255,4096,07/08/09,
111.234.64.0,111.234.95.255,8192,07/08/09,
111.234.96.0,111.234.111.255,4096,07/08/09,
111.234.128.0,111.234.191.255,16384,07/08/09,
111.234.192.0,111.234.207.255,4096,07/08/09,
111.234.224.0,111.234.239.255,4096,07/08/09,
111.235.0.0,111.235.31.255,8192,07/08/09,
111.235.48.0,111.235.63.255,4096,07/08/09,
111.236.0.0,111.239.255.255,262144,07/08/09,
112.68.0.0,112.71.255.255,262144,23/12/08,
112.78.112.0,112.78.127.255,4096,08/01/09,
112.78.192.0,112.78.223.255,8192,08/01/09,
112.109.0.0,112.109.15.255,4096,14/01/09,
112.136.0.0,112.136.127.255,32768,02/02/09,
112.137.32.0,112.137.47.255,4096,04/02/09,
112.137.64.0,112.137.127.255,16384,04/02/09,
112.137.144.0,112.137.159.255,4096,06/02/09,
112.137.192.0,112.137.255.255,16384,06/02/09,
112.138.0.0,112.139.255.255,131072,06/02/09,
112.140.0.0,112.140.31.255,8192,06/02/09,
112.140.32.0,112.140.63.255,8192,09/02/09,
112.140.128.0,112.140.143.255,4096,09/02/09,
113.20.160.0,113.20.191.255,8192,08/10/08,
113.20.192.0,113.20.255.255,16384,06/10/08,
113.21.48.0,113.21.63.255,4096,13/10/08,
113.32.0.0,113.39.255.255,524288,15/10/08,
113.40.0.0,113.43.255.255,262144,15/10/08,
113.52.16.0,113.52.31.255,4096,10/03/11,
113.52.240.0,113.52.255.255,4096,10/03/11,
113.61.112.0,113.61.127.255,4096,10/11/08,
113.130.0.0,113.130.63.255,16384,07/11/08,
113.144.0.0,113.159.255.255,1048576,10/11/08,
113.192.128.0,113.192.255.255,32768,18/11/08,
113.197.16.0,113.197.31.255,4096,10/03/11,
113.197.128.0,113.197.255.255,32768,26/11/08,
113.208.0.0,113.208.63.255,16384,03/12/08,
113.212.128.0,113.212.159.255,8192,09/12/08,
113.213.128.0,113.213.191.255,16384,19/12/08,
113.213.192.0,113.213.223.255,8192,22/12/08,
113.213.224.0,113.213.239.255,4096,22/12/08,
113.213.240.0,113.213.255.255,4096,23/12/08,
114.16.0.0,114.19.255.255,262144,17/04/08,
114.20.0.0,114.21.255.255,131072,01/07/09,
114.22.0.0,114.22.255.255,65536,01/07/09,
114.31.80.0,114.31.95.255,4096,09/05/08,
114.48.0.0,114.51.255.255,262144,22/04/08,
114.69.0.0,114.69.127.255,32768,15/05/08,
114.69.128.0,114.69.159.255,8192,16/05/08,
114.69.160.0,114.69.175.255,4096,16/05/08,
114.110.48.0,114.110.63.255,4096,23/05/08,
114.111.64.0,114.111.127.255,16384,23/05/08,
114.129.48.0,114.129.63.255,4096,06/06/08,
114.134.32.0,114.134.63.255,8192,10/06/08,
114.134.96.0,114.134.111.255,4096,11/06/08,
114.134.112.0,114.134.127.255,4096,20/08/08,
114.134.128.0,114.134.159.255,8192,11/06/08,
114.134.192.0,114.134.223.255,8192,12/06/08,
114.134.224.0,114.134.255.255,8192,23/06/08,
114.142.0.0,114.142.127.255,32768,19/06/08,
114.142.176.0,114.142.191.255,4096,14/09/10,
114.144.0.0,114.159.255.255,1048576,12/06/08,
114.160.0.0,114.191.255.255,2097152,12/06/08,
114.192.0.0,114.195.255.255,262144,17/06/08,
114.198.192.0,114.198.223.255,8192,27/06/08,
115.30.0.0,115.30.31.255,8192,04/07/08,
115.30.128.0,115.30.255.255,32768,07/07/08,
115.31.0.0,115.31.63.255,16384,07/07/08,
115.31.192.0,115.31.207.255,4096,10/07/08,
115.31.208.0,115.31.223.255,4096,14/07/08,
115.36.0.0,115.39.255.255,262144,08/07/08,
115.42.96.0,115.42.111.255,4096,16/07/08,
115.65.0.0,115.65.255.255,65536,14/07/08,
115.69.192.0,115.69.207.255,4096,21/07/08,
115.85.96.0,115.85.127.255,8192,29/07/08,
115.124.48.0,115.124.63.255,4096,09/03/11,
115.124.128.0,115.124.255.255,32768,04/08/08,
115.125.0.0,115.125.255.255,65536,11/08/08,
115.126.144.0,115.126.159.255,4096,19/08/08,
115.127.224.0,115.127.255.255,8192,12/08/08,
115.146.0.0,115.146.63.255,16384,14/08/08,
115.162.0.0,115.163.255.255,131072,22/08/08,
115.165.0.0,115.165.127.255,32768,25/08/08,
115.165.128.0,115.165.159.255,8192,25/08/08,
115.166.144.0,115.166.159.255,4096,01/09/08,
115.166.160.0,115.166.191.255,8192,02/09/08,
115.166.192.0,115.166.207.255,4096,02/09/08,
115.166.208.0,115.166.223.255,4096,03/09/08,
115.166.224.0,115.166.255.255,8192,03/09/08,
115.167.128.0,115.167.255.255,32768,03/09/08,
115.176.0.0,115.177.255.255,131072,28/08/08,
115.179.0.0,115.179.255.255,65536,05/09/08,
115.187.64.0,115.187.79.255,4096,16/09/08,
116.0.128.0,116.0.255.255,32768,21/03/07,
116.12.0.0,116.12.31.255,8192,26/03/07,
116.58.144.0,116.58.159.255,4096,02/04/07,
116.58.160.0,116.58.191.255,8192,02/04/07,
116.64.0.0,116.65.255.255,131072,30/04/07,
116.67.128.0,116.67.255.255,32768,12/01/11,
116.70.128.0,116.70.191.255,16384,16/05/07,
116.70.192.0,116.70.255.255,16384,19/01/11,
116.80.0.0,116.80.255.255,65536,14/05/07,
116.81.0.0,116.81.255.255,65536,14/05/07,
116.82.0.0,116.82.255.255,65536,14/05/07,
116.83.0.0,116.83.255.255,65536,14/05/07,
116.89.192.0,116.89.207.255,4096,22/05/07,
116.89.208.0,116.89.223.255,4096,18/11/08,
116.90.144.0,116.90.159.255,4096,23/05/07,
116.90.192.0,116.90.207.255,4096,25/05/07,
116.91.0.0,116.91.31.255,8192,22/05/07,
116.91.32.0,116.91.63.255,8192,22/05/07,
116.91.64.0,116.91.127.255,16384,22/05/07,
116.91.128.0,116.91.159.255,8192,22/05/07,
116.91.160.0,116.91.191.255,8192,22/05/07,
116.91.192.0,116.91.223.255,8192,22/05/07,
116.91.224.0,116.91.255.255,8192,22/05/07,
116.92.16.0,116.92.31.255,4096,22/05/07,
116.92.32.0,116.92.63.255,8192,22/05/07,
116.92.144.0,116.92.159.255,4096,22/05/07,
116.92.160.0,116.92.175.255,4096,22/05/07,
116.93.144.0,116.93.159.255,4096,03/02/11,
116.94.0.0,116.94.255.255,65536,23/05/07,
116.118.192.0,116.118.207.255,4096,31/05/07,
116.118.208.0,116.118.223.255,4096,31/05/07,
116.118.224.0,116.118.239.255,4096,01/06/07,
116.193.96.0,116.193.127.255,8192,11/04/07,
116.193.224.0,116.193.255.255,8192,17/01/11,
116.199.176.0,116.199.191.255,4096,20/04/07,
116.199.240.0,116.199.255.255,4096,07/02/11,
116.214.80.0,116.214.95.255,4096,30/04/07,
116.220.0.0,116.223.255.255,262144,30/04/07,
116.254.0.0,116.254.63.255,16384,23/03/07,
116.254.64.0,116.254.95.255,8192,23/03/07,
117.18.128.0,117.18.191.255,16384,07/06/07,
117.18.192.0,117.18.207.255,4096,12/06/07,
117.18.208.0,117.18.223.255,4096,12/06/07,
117.20.96.0,117.20.111.255,4096,22/02/11,
117.46.0.0,117.46.255.255,65536,15/06/07,
117.53.0.0,117.53.31.255,8192,25/06/07,
117.55.0.0,117.55.127.255,32768,02/07/07,
117.55.208.0,117.55.223.255,4096,03/07/07,
117.58.144.0,117.58.159.255,4096,06/07/07,
117.58.224.0,117.58.239.255,4096,06/07/07,
117.74.0.0,117.74.63.255,16384,06/07/07,
117.102.176.0,117.102.191.255,4096,13/07/07,
117.102.192.0,117.102.223.255,8192,13/07/07,
117.103.176.0,117.103.191.255,4096,24/07/07,
117.104.0.0,117.104.63.255,16384,23/07/07,
117.104.64.0,117.104.127.255,16384,24/07/07,
117.104.128.0,117.104.159.255,8192,24/07/07,
117.108.0.0,117.109.255.255,131072,26/07/07,
118.0.0.0,118.15.255.255,1048576,01/08/07,
118.16.0.0,118.23.255.255,524288,01/08/07,
118.27.0.0,118.27.127.255,32768,03/08/07,
118.27.128.0,118.27.191.255,16384,03/08/07,
118.27.224.0,118.27.239.255,4096,03/08/07,
118.27.240.0,118.27.255.255,4096,03/08/07,
118.67.64.0,118.67.95.255,8192,14/08/07,
118.67.96.0,118.67.111.255,4096,14/08/07,
118.82.48.0,118.82.63.255,4096,22/02/11,
118.82.64.0,118.82.95.255,8192,22/08/07,
118.82.96.0,118.82.127.255,8192,25/03/08,
118.83.0.0,118.83.255.255,65536,21/08/07,
118.86.0.0,118.87.255.255,131072,21/08/07,
118.91.192.0,118.91.223.255,8192,28/08/07,
118.102.48.0,118.102.63.255,4096,04/09/07,
118.103.0.0,118.103.127.255,32768,05/09/07,
118.104.0.0,118.105.255.255,131072,06/09/07,
118.106.0.0,118.106.255.255,65536,06/09/07,
118.108.0.0,118.111.255.255,262144,10/09/07,
118.151.0.0,118.151.127.255,32768,04/02/10,
118.151.128.0,118.151.191.255,16384,04/02/10,
118.151.192.0,118.151.207.255,4096,08/02/10,
118.151.224.0,118.151.255.255,8192,10/02/10,
118.152.0.0,118.155.255.255,262144,01/10/07,
118.156.0.0,118.159.255.255,262144,30/07/08,
118.177.0.0,118.177.255.255,65536,16/10/07,
118.236.0.0,118.237.255.255,131072,05/11/07,
118.238.0.0,118.238.127.255,32768,05/11/07,
118.238.128.0,118.238.191.255,16384,05/11/07,
118.238.192.0,118.238.255.255,16384,05/11/07,
118.240.0.0,118.241.255.255,131072,05/11/07,
118.243.0.0,118.243.255.255,65536,19/11/07,
119.10.192.0,119.10.255.255,16384,28/11/07,
119.15.32.0,119.15.63.255,8192,01/02/11,
119.15.112.0,119.15.127.255,4096,23/02/11,
119.18.160.0,119.18.175.255,4096,10/12/07,
119.24.0.0,119.25.255.255,131072,10/12/07,
119.26.0.0,119.26.255.255,65536,10/12/07,
119.27.0.0,119.27.63.255,16384,13/12/07,
119.30.192.0,119.30.255.255,16384,19/12/07,
119.31.128.0,119.31.159.255,8192,19/12/07,
119.47.0.0,119.47.15.255,4096,10/01/08,
119.47.16.0,119.47.31.255,4096,10/01/08,
119.47.32.0,119.47.63.255,8192,10/01/08,
119.47.64.0,119.47.79.255,4096,10/01/08,
119.47.96.0,119.47.111.255,4096,16/01/08,
119.47.128.0,119.47.255.255,32768,10/01/08,
119.63.16.0,119.63.31.255,4096,18/01/08,
119.63.112.0,119.63.127.255,4096,21/01/08,
119.63.144.0,119.63.159.255,4096,23/02/11,
119.63.160.0,119.63.191.255,8192,21/01/08,
119.72.0.0,119.72.255.255,65536,22/01/08,
119.75.224.0,119.75.239.255,4096,24/01/08,
119.82.160.0,119.82.191.255,8192,04/02/08,
119.82.192.0,119.82.207.255,4096,05/02/08,
119.83.0.0,119.83.255.255,65536,06/02/08,
119.104.0.0,119.107.255.255,262144,01/02/08,
119.148.192.0,119.148.255.255,16384,18/02/08,
119.150.0.0,119.150.15.255,4096,18/02/08,
119.150.16.0,119.150.31.255,4096,18/02/08,
119.150.32.0,119.150.63.255,8192,18/02/08,
119.150.64.0,119.150.95.255,8192,18/02/08,
119.150.112.0,119.150.127.255,4096,18/02/08,
119.150.128.0,119.150.191.255,16384,18/02/08,
119.150.240.0,119.150.255.255,4096,18/02/08,
119.168.0.0,119.175.255.255,524288,26/02/08,
119.224.160.0,119.224.191.255,8192,07/02/11,
119.224.192.0,119.224.255.255,16384,23/12/10,
119.228.0.0,119.231.255.255,262144,28/02/08,
119.238.0.0,119.239.255.255,131072,04/03/08,
119.240.0.0,119.243.255.255,262144,04/03/08,
119.244.0.0,119.244.255.255,65536,04/03/08,
119.245.0.0,119.245.255.255,65536,11/03/08,
119.252.32.0,119.252.63.255,8192,07/02/11,
120.29.160.0,120.29.191.255,8192,17/03/08,
120.50.192.0,120.50.207.255,4096,25/03/08,
120.50.208.0,120.50.223.255,4096,04/03/11,
120.50.224.0,120.50.255.255,8192,25/03/08,
120.51.0.0,120.51.127.255,32768,20/03/08,
120.51.128.0,120.51.159.255,8192,20/03/08,
120.51.160.0,120.51.191.255,8192,20/03/08,
120.51.192.0,120.51.255.255,16384,20/03/08,
120.72.0.0,120.72.15.255,4096,25/03/08,
120.72.64.0,120.72.79.255,4096,28/03/08,
120.74.0.0,120.75.255.255,131072,28/03/08,
120.88.16.0,120.88.31.255,4096,01/04/08,
120.88.48.0,120.88.63.255,4096,04/03/11,
120.89.128.0,120.89.255.255,32768,01/04/08,
120.93.0.0,120.93.255.255,65536,01/04/08,
120.136.192.0,120.136.255.255,16384,09/04/08,
120.137.128.0,120.137.255.255,32768,09/04/08,
120.138.128.0,120.138.191.255,16384,17/04/08,
120.143.0.0,120.143.63.255,16384,18/04/08,
120.143.64.0,120.143.95.255,8192,18/04/08,
120.143.96.0,120.143.127.255,8192,10/02/11,
121.0.32.0,121.0.47.255,4096,02/10/06,
121.1.128.0,121.1.255.255,32768,23/05/06,
121.2.0.0,121.2.255.255,65536,15/05/06,
121.3.0.0,121.3.255.255,65536,27/11/06,
121.80.0.0,121.83.255.255,262144,13/06/06,
121.84.0.0,121.87.255.255,262144,24/05/07,
121.92.0.0,121.92.255.255,65536,12/07/06,
121.93.0.0,121.93.255.255,65536,12/07/06,
121.94.0.0,121.95.255.255,131072,13/11/06,
121.101.64.0,121.101.127.255,16384,26/03/09,
121.102.0.0,121.102.255.255,65536,27/07/06,
121.103.0.0,121.103.255.255,65536,10/10/07,
121.104.0.0,121.107.255.255,262144,30/06/06,
121.108.0.0,121.111.255.255,262144,17/01/07,
121.112.0.0,121.119.255.255,524288,07/07/06,
121.200.128.0,121.200.191.255,16384,07/07/06,
122.1.0.0,122.1.255.255,65536,07/07/06,
122.16.0.0,122.31.255.255,1048576,07/07/06,
122.49.240.0,122.49.255.255,4096,29/10/07,
122.50.16.0,122.50.31.255,4096,02/10/06,
122.50.32.0,122.50.63.255,8192,11/10/06,
122.50.64.0,122.50.95.255,8192,13/09/06,
122.50.96.0,122.50.127.255,8192,11/04/07,
122.102.128.0,122.102.255.255,32768,03/11/06,
122.103.0.0,122.103.127.255,32768,02/11/06,
122.103.128.0,122.103.159.255,8192,02/11/06,
122.103.160.0,122.103.191.255,8192,02/11/06,
122.103.192.0,122.103.255.255,16384,02/11/06,
122.128.0.0,122.128.15.255,4096,13/12/06,
122.129.160.0,122.129.191.255,8192,29/12/10,
122.129.224.0,122.129.239.255,4096,27/12/06,
122.130.0.0,122.131.255.255,131072,14/12/06,
122.132.0.0,122.135.255.255,262144,14/12/06,
122.145.0.0,122.145.31.255,8192,05/01/07,
122.145.48.0,122.145.63.255,4096,05/01/07,
122.145.64.0,122.145.95.255,8192,05/01/07,
122.145.96.0,122.145.111.255,4096,05/01/07,
122.145.144.0,122.145.159.255,4096,05/01/07,
122.145.160.0,122.145.191.255,8192,05/01/07,
122.145.192.0,122.145.223.255,8192,05/01/07,
122.145.224.0,122.145.255.255,8192,05/01/07,
122.152.0.0,122.152.15.255,4096,05/01/07,
122.152.16.0,122.152.31.255,4096,05/01/07,
122.152.32.0,122.152.47.255,4096,05/01/07,
122.152.64.0,122.152.95.255,8192,10/01/07,
122.152.128.0,122.152.191.255,16384,16/01/07,
122.196.0.0,122.197.255.255,131072,03/11/06,
122.200.192.0,122.200.223.255,8192,23/10/06,
122.200.224.0,122.200.255.255,8192,26/03/07,
122.202.96.0,122.202.127.255,8192,11/08/09,
122.208.0.0,122.215.255.255,524288,02/08/06,
122.216.0.0,122.219.255.255,262144,02/08/06,
122.220.0.0,122.221.255.255,131072,02/08/06,
122.222.0.0,122.222.255.255,65536,02/08/06,
122.223.0.0,122.223.31.255,8192,02/08/06,
122.223.32.0,122.223.63.255,8192,02/08/06,
122.223.64.0,122.223.127.255,16384,02/08/06,
122.223.128.0,122.223.159.255,8192,02/08/06,
122.223.160.0,122.223.191.255,8192,02/08/06,
122.223.192.0,122.223.223.255,8192,02/08/06,
122.223.224.0,122.223.255.255,8192,02/08/06,
122.248.64.0,122.248.95.255,8192,20/11/06,
122.248.128.0,122.248.191.255,16384,17/11/06,
122.249.0.0,122.249.255.255,65536,20/11/06,
122.250.0.0,122.251.255.255,131072,01/12/06,
122.253.0.0,122.253.255.255,65536,13/11/06,
122.255.128.0,122.255.191.255,16384,04/12/06,
122.255.192.0,122.255.223.255,8192,26/08/09,
122.255.224.0,122.255.239.255,4096,27/08/09,
122.255.240.0,122.255.255.255,4096,05/01/10,
123.0.64.0,123.0.95.255,8192,25/09/06,
123.0.96.0,123.0.127.255,8192,09/02/09,
123.1.0.0,123.1.127.255,32768,07/11/06,
123.48.0.0,123.48.255.255,65536,07/11/06,
123.50.0.0,123.50.31.255,8192,05/01/07,
123.50.192.0,123.50.223.255,8192,10/11/06,
123.50.224.0,123.50.239.255,4096,10/11/06,
123.50.240.0,123.50.255.255,4096,28/02/08,
123.98.144.0,123.98.159.255,4096,18/04/08,
123.98.224.0,123.98.239.255,4096,27/11/06,
123.98.240.0,123.98.255.255,4096,27/07/07,
123.100.192.0,123.100.223.255,8192,10/11/06,
123.103.128.0,123.103.191.255,16384,14/12/06,
123.103.224.0,123.103.239.255,4096,14/12/06,
123.104.0.0,123.107.255.255,262144,29/01/07,
123.176.128.0,123.176.255.255,32768,12/03/07,
123.198.0.0,123.198.127.255,32768,27/11/06,
123.198.128.0,123.198.255.255,32768,10/02/10,
123.200.32.0,123.200.63.255,8192,23/10/06,
123.216.0.0,123.223.255.255,524288,12/02/07,
123.224.0.0,123.227.255.255,262144,12/02/07,
123.230.0.0,123.230.255.255,65536,15/02/07,
123.242.208.0,123.242.223.255,4096,16/02/07,
123.254.0.0,123.254.63.255,16384,20/11/06,
123.255.128.0,123.255.191.255,16384,18/11/08,
124.18.0.0,124.18.255.255,65536,02/12/05,
124.24.0.0,124.24.255.255,65536,25/11/05,
124.25.0.0,124.25.255.255,65536,14/03/06,
124.26.0.0,124.27.255.255,131072,14/03/06,
124.32.0.0,124.35.255.255,262144,21/12/05,
124.36.0.0,124.39.255.255,262144,06/03/06,
124.40.0.0,124.40.31.255,8192,06/01/06,
124.40.32.0,124.40.63.255,8192,29/05/06,
124.40.64.0,124.40.95.255,8192,24/01/06,
124.40.96.0,124.40.111.255,4096,24/01/06,
124.41.0.0,124.41.127.255,32768,06/01/06,
124.41.128.0,124.41.191.255,16384,06/01/06,
124.44.0.0,124.44.255.255,65536,12/01/06,
124.45.0.0,124.45.255.255,65536,20/09/07,
124.47.64.0,124.47.127.255,16384,06/01/06,
124.47.192.0,124.47.255.255,16384,24/09/07,
124.66.192.0,124.66.207.255,4096,02/11/06,
124.66.224.0,124.66.255.255,8192,02/11/06,
124.83.128.0,124.83.255.255,32768,21/02/06,
124.84.0.0,124.87.255.255,262144,01/02/06,
124.96.0.0,124.103.255.255,524288,01/02/06,
124.108.192.0,124.108.255.255,16384,28/02/06,
124.109.128.0,124.109.255.255,32768,24/02/06,
124.110.0.0,124.110.127.255,32768,14/02/06,
124.110.128.0,124.110.159.255,8192,14/02/06,
124.110.160.0,124.110.191.255,8192,14/02/06,
124.110.224.0,124.110.255.255,8192,14/02/06,
124.140.0.0,124.143.255.255,262144,02/03/06,
124.144.0.0,124.145.255.255,131072,02/03/06,
124.146.64.0,124.146.95.255,8192,14/03/06,
124.146.96.0,124.146.127.255,8192,21/05/07,
124.146.128.0,124.146.255.255,32768,13/03/06,
124.147.0.0,124.147.63.255,16384,15/03/06,
124.147.64.0,124.147.127.255,16384,07/03/06,
124.150.176.0,124.150.191.255,4096,18/08/09,
124.150.192.0,124.150.255.255,16384,18/08/09,
124.154.0.0,124.154.255.255,65536,13/03/06,
124.155.0.0,124.155.63.255,16384,16/03/06,
124.155.64.0,124.155.127.255,16384,23/05/06,
124.159.0.0,124.159.255.255,65536,04/04/06,
124.195.144.0,124.195.159.255,4096,18/04/08,
124.208.0.0,124.211.255.255,262144,06/04/06,
124.212.0.0,124.215.255.255,262144,11/05/07,
124.219.128.0,124.219.255.255,32768,05/11/07,
124.240.224.0,124.240.255.255,8192,22/12/10,
124.241.0.0,124.241.127.255,32768,02/05/06,
124.241.128.0,124.241.191.255,16384,08/05/06,
124.241.192.0,124.241.223.255,8192,09/05/06,
124.241.224.0,124.241.239.255,4096,19/09/06,
124.241.240.0,124.241.255.255,4096,03/04/07,
124.245.0.0,124.245.255.255,65536,04/10/07,
124.246.128.0,124.246.255.255,32768,23/05/06,
124.247.0.0,124.247.127.255,32768,12/05/06,
124.247.128.0,124.247.191.255,16384,12/05/06,
124.248.144.0,124.248.159.255,4096,23/12/10,
124.255.0.0,124.255.255.255,65536,02/06/06,
125.0.0.0,125.1.255.255,131072,14/07/05,
125.2.0.0,125.2.31.255,8192,25/11/05,
125.2.32.0,125.2.63.255,8192,25/11/05,
125.2.64.0,125.2.127.255,16384,25/11/05,
125.2.128.0,125.2.191.255,16384,25/11/05,
125.2.192.0,125.2.207.255,4096,25/11/05,
125.2.208.0,125.2.223.255,4096,25/11/05,
125.2.224.0,125.2.255.255,8192,25/11/05,
125.3.0.0,125.3.255.255,65536,25/11/05,
125.4.0.0,125.4.255.255,65536,01/08/05,
125.6.0.0,125.6.31.255,8192,04/08/05,
125.6.32.0,125.6.63.255,8192,04/08/05,
125.6.64.0,125.6.95.255,8192,04/08/05,
125.6.96.0,125.6.111.255,4096,04/08/05,
125.6.112.0,125.6.127.255,4096,04/08/05,
125.6.128.0,125.6.255.255,32768,04/08/05,
125.8.0.0,125.15.255.255,524288,18/07/05,
125.28.0.0,125.29.255.255,131072,10/08/05,
125.30.0.0,125.30.255.255,65536,17/08/05,
125.31.64.0,125.31.127.255,16384,18/08/05,
125.48.0.0,125.55.255.255,524288,10/08/05,
125.56.0.0,125.56.127.255,32768,18/08/05,
125.58.64.0,125.58.127.255,16384,18/10/07,
125.62.240.0,125.62.255.255,4096,10/10/07,
125.63.32.0,125.63.47.255,4096,21/03/07,
125.100.0.0,125.103.255.255,262144,06/09/05,
125.170.0.0,125.170.255.255,65536,23/09/05,
125.172.0.0,125.175.255.255,262144,23/09/05,
125.192.0.0,125.195.255.255,262144,16/09/05,
125.196.0.0,125.199.255.255,262144,04/04/06,
125.200.0.0,125.207.255.255,524288,23/09/05,
125.214.128.0,125.214.159.255,8192,02/12/05,
125.215.64.0,125.215.95.255,8192,27/10/05,
125.215.96.0,125.215.127.255,8192,13/10/06,
125.252.64.0,125.252.127.255,16384,02/11/05,
125.252.128.0,125.252.191.255,16384,03/11/05,
126.0.0.0,126.31.255.255,2097152,08/02/05,
126.32.0.0,126.47.255.255,1048576,08/02/05,
126.48.0.0,126.51.255.255,262144,08/02/05,
126.52.0.0,126.52.255.255,65536,08/02/05,
126.53.0.0,126.53.255.255,65536,08/02/05,
126.54.0.0,126.55.255.255,131072,08/02/05,
126.56.0.0,126.63.255.255,524288,08/02/05,
126.64.0.0,126.127.255.255,4194304,08/02/05,
126.128.0.0,126.131.255.255,262144,08/02/05,
126.132.0.0,126.133.255.255,131072,08/02/05,
126.134.0.0,126.135.255.255,131072,08/02/05,
126.136.0.0,126.139.255.255,262144,08/02/05,
126.140.0.0,126.141.255.255,131072,08/02/05,
126.142.0.0,126.142.255.255,65536,08/02/05,
126.143.0.0,126.143.255.255,65536,08/02/05,
126.144.0.0,126.144.255.255,65536,08/02/05,
126.145.0.0,126.145.255.255,65536,08/02/05,
126.146.0.0,126.147.255.255,131072,08/02/05,
126.148.0.0,126.151.255.255,262144,08/02/05,
126.152.0.0,126.159.255.255,524288,08/02/05,
126.160.0.0,126.191.255.255,2097152,08/02/05,
126.192.0.0,126.207.255.255,1048576,08/02/05,
126.208.0.0,126.208.255.255,65536,08/02/05,
126.209.0.0,126.209.255.255,65536,08/02/05,
126.210.0.0,126.211.255.255,131072,08/02/05,
126.212.0.0,126.215.255.255,262144,08/02/05,
126.216.0.0,126.223.255.255,524288,08/02/05,
126.224.0.0,126.227.255.255,262144,08/02/05,
126.228.0.0,126.229.255.255,131072,08/02/05,
126.230.0.0,126.230.255.255,65536,08/02/05,
126.231.0.0,126.231.255.255,65536,08/02/05,
126.232.0.0,126.239.255.255,524288,08/02/05,
126.240.0.0,126.241.255.255,131072,08/02/05,
126.242.0.0,126.243.255.255,131072,08/02/05,
126.244.0.0,126.247.255.255,262144,08/02/05,
126.248.0.0,126.248.255.255,65536,08/02/05,
126.249.0.0,126.249.255.255,65536,08/02/05,
126.250.0.0,126.250.255.255,65536,08/02/05,
126.251.0.0,126.251.255.255,65536,08/02/05,
126.252.0.0,126.255.255.255,262144,08/02/05,
128.22.0.0,128.22.255.255,65536,03/01/91,
128.27.0.0,128.27.255.255,65536,24/10/83,
128.28.0.0,128.28.255.255,65536,24/10/83,
128.53.0.0,128.53.255.255,65536,13/06/83,
129.60.0.0,129.60.255.255,65536,26/08/87,
129.136.0.0,129.136.255.255,65536,11/12/87,
129.249.0.0,129.249.255.255,65536,18/01/88,
130.34.0.0,130.34.255.255,65536,29/04/88,
130.54.0.0,130.54.255.255,65536,21/02/89,
130.62.0.0,130.62.255.255,65536,09/06/88,
130.69.0.0,130.69.255.255,65536,20/06/88,
130.87.0.0,130.87.255.255,65536,05/07/88,
130.153.0.0,130.153.255.255,65536,21/02/89,
130.158.0.0,130.158.255.255,65536,24/08/88,
131.112.0.0,131.112.255.255,65536,15/11/88,
131.113.0.0,131.113.255.255,65536,15/11/88,
131.129.0.0,131.129.255.255,65536,11/04/89,
131.147.0.0,131.147.255.255,65536,23/11/88,
131.206.0.0,131.206.255.255,65536,12/01/89,
131.213.0.0,131.213.255.255,65536,18/01/89,
131.248.0.0,131.248.255.255,65536,09/02/89,
132.179.0.0,132.179.255.255,65536,06/03/89,
132.182.0.0,132.182.255.255,65536,07/03/89,
132.222.0.0,132.222.255.255,65536,09/03/89,
133.0.0.0,133.255.255.255,16777216,01/03/97,
134.160.0.0,134.160.255.255,65536,21/06/89,
134.180.0.0,134.180.255.255,65536,01/07/89,
134.237.0.0,134.237.255.255,65536,08/08/89,
136.187.0.0,136.187.255.255,65536,22/09/89,
136.198.0.0,136.198.255.255,65536,25/09/89,
137.40.0.0,137.40.255.255,65536,24/10/89,
137.153.0.0,137.153.255.255,65536,12/12/89,
137.220.16.0,137.220.31.255,4096,10/01/90,
138.64.0.0,138.64.255.255,65536,02/07/90,
138.101.0.0,138.101.255.255,65536,23/04/90,
138.107.0.0,138.107.255.255,65536,25/04/90,
138.212.0.0,138.212.127.255,32768,30/05/90,
138.212.128.0,138.212.255.255,32768,30/05/90,
138.213.0.0,138.213.255.255,65536,03/02/11,
138.243.0.0,138.243.255.255,65536,11/06/90,
138.248.64.0,138.248.127.255,16384,01/09/93,
139.101.0.0,139.101.255.255,65536,07/03/11,
139.152.0.0,139.152.255.255,65536,21/04/94,
139.154.0.0,139.154.255.255,65536,07/02/96,
140.81.0.0,140.81.255.255,65536,23/02/11,
140.227.0.0,140.227.255.255,65536,21/06/90,
141.164.32.0,141.164.63.255,8192,23/07/90,
141.178.0.0,141.178.255.255,65536,26/02/91,
143.90.0.0,143.90.255.255,65536,07/09/90,
143.94.0.0,143.94.255.255,65536,28/06/11,
143.125.0.0,143.125.127.255,32768,19/09/90,
143.125.128.0,143.125.191.255,16384,19/09/90,
143.125.192.0,143.125.207.255,4096,19/09/90,
143.125.224.0,143.125.255.255,8192,19/09/90,
143.189.0.0,143.189.255.255,65536,01/10/90,
143.201.0.0,143.201.255.255,65536,10/02/11,
144.1.0.0,144.1.255.255,65536,17/02/11,
144.91.128.0,144.91.159.255,8192,20/11/90,
144.91.160.0,144.91.175.255,4096,20/11/90,
144.213.0.0,144.213.255.255,65536,20/12/90,
146.51.0.0,146.51.255.255,65536,18/01/91,
146.56.0.0,146.56.127.255,32768,21/01/91,
146.56.128.0,146.56.191.255,16384,21/01/91,
146.99.0.0,146.99.255.255,65536,01/02/91,
146.117.0.0,146.117.255.255,65536,11/02/11,
146.160.0.0,146.160.255.255,65536,15/02/91,
147.92.128.0,147.92.255.255,32768,19/07/91,
147.157.0.0,147.157.255.255,65536,22/04/91,
147.176.0.0,147.176.255.255,65536,01/07/91,
147.192.0.0,147.192.255.255,65536,08/07/91,
148.67.0.0,148.67.255.255,65536,11/04/91,
148.68.0.0,148.68.255.255,65536,11/04/91,
148.109.0.0,148.109.255.255,65536,22/03/91,
148.161.0.0,148.161.255.255,65536,02/05/91,
149.54.128.0,149.54.255.255,32768,21/02/95,
150.1.0.0,150.1.255.255,65536,31/03/97,
150.2.0.0,150.2.255.255,65536,31/03/97,
150.3.0.0,150.3.255.255,65536,01/01/93,
150.4.0.0,150.5.255.255,131072,31/03/97,
150.6.0.0,150.6.255.255,65536,31/03/97,
150.7.0.0,150.7.255.255,65536,12/08/92,
150.8.0.0,150.8.255.255,65536,31/03/97,
150.9.0.0,150.9.127.255,32768,02/06/93,
150.9.128.0,150.9.191.255,16384,02/06/93,
150.9.192.0,150.9.223.255,8192,02/06/93,
150.9.240.0,150.9.255.255,4096,02/06/93,
150.10.0.0,150.10.255.255,65536,31/03/97,
150.11.0.0,150.11.255.255,65536,10/08/95,
150.12.0.0,150.12.255.255,65536,10/02/92,
150.13.0.0,150.13.255.255,65536,31/03/97,
150.14.0.0,150.14.255.255,65536,31/03/97,
150.15.0.0,150.15.255.255,65536,23/03/93,
150.16.0.0,150.17.255.255,131072,31/03/97,
150.18.0.0,150.18.255.255,65536,31/03/97,
150.19.0.0,150.19.255.255,65536,03/09/92,
150.20.0.0,150.20.255.255,65536,04/03/93,
150.21.0.0,150.21.255.255,65536,11/07/94,
150.22.16.0,150.22.31.255,4096,03/11/92,
150.22.32.0,150.22.63.255,8192,03/11/92,
150.22.64.0,150.22.79.255,4096,03/11/92,
150.22.96.0,150.22.127.255,8192,03/11/92,
150.22.128.0,150.22.255.255,32768,03/11/92,
150.23.0.0,150.23.255.255,65536,07/06/96,
150.24.0.0,150.24.255.255,65536,07/06/96,
150.25.0.0,150.25.255.255,65536,31/03/97,
150.26.0.0,150.26.255.255,65536,29/12/92,
150.27.0.0,150.27.255.255,65536,29/12/92,
150.28.0.0,150.28.255.255,65536,31/03/97,
150.29.0.0,150.29.255.255,65536,03/11/92,
150.30.0.0,150.30.255.255,65536,03/11/92,
150.31.0.0,150.31.255.255,65536,10/02/92,
150.32.0.0,150.32.255.255,65536,03/09/92,
150.33.0.0,150.33.255.255,65536,31/03/97,
150.34.0.0,150.34.255.255,65536,31/03/97,
150.35.0.0,150.35.255.255,65536,31/03/97,
150.36.0.0,150.36.255.255,65536,31/03/97,
150.37.0.0,150.37.255.255,65536,11/05/93,
150.38.0.0,150.38.255.255,65536,11/05/93,
150.39.0.0,150.39.255.255,65536,11/05/93,
150.40.0.0,150.40.255.255,65536,06/04/95,
150.41.0.0,150.41.255.255,65536,03/11/92,
150.42.0.0,150.42.255.255,65536,12/08/92,
150.43.0.0,150.43.255.255,65536,21/08/92,
150.44.0.0,150.44.255.255,65536,31/03/97,
150.45.0.0,150.45.255.255,65536,23/06/92,
150.46.0.0,150.46.255.255,65536,13/05/93,
150.47.0.0,150.47.255.255,65536,13/05/93,
150.48.0.0,150.48.255.255,65536,04/03/93,
150.49.0.0,150.49.255.255,65536,09/02/95,
150.50.0.0,150.50.255.255,65536,31/03/97,
150.51.0.0,150.51.255.255,65536,04/03/93,
150.52.0.0,150.52.255.255,65536,08/07/93,
150.53.0.0,150.53.255.255,65536,31/03/97,
150.54.0.0,150.54.255.255,65536,04/03/93,
150.55.0.0,150.55.255.255,65536,01/09/93,
150.56.0.0,150.56.255.255,65536,04/03/93,
150.57.0.0,150.57.255.255,65536,12/07/93,
150.58.0.0,150.58.255.255,65536,31/03/97,
150.59.0.0,150.59.255.255,65536,22/03/93,
150.60.0.0,150.60.255.255,65536,31/03/97,
150.61.0.0,150.61.255.255,65536,10/02/92,
150.62.0.0,150.62.255.255,65536,31/03/97,
150.63.0.0,150.63.255.255,65536,31/03/97,
150.64.0.0,150.64.255.255,65536,02/09/92,
150.65.0.0,150.65.255.255,65536,10/02/92,
150.66.0.0,150.66.255.255,65536,10/02/92,
150.67.0.0,150.67.255.255,65536,10/02/92,
150.68.0.0,150.68.255.255,65536,31/03/97,
150.69.0.0,150.69.255.255,65536,10/02/92,
150.70.0.0,150.70.255.255,65536,28/06/96,
150.71.0.0,150.71.255.255,65536,28/06/96,
150.72.0.0,150.75.255.255,262144,03/11/92,
150.76.0.0,150.79.255.255,262144,23/03/93,
150.80.0.0,150.80.255.255,65536,01/04/92,
150.81.0.0,150.81.255.255,65536,31/03/97,
150.82.0.0,150.82.255.255,65536,11/05/93,
150.83.0.0,150.83.255.255,65536,19/08/92,
150.84.0.0,150.84.255.255,65536,23/10/92,
150.85.0.0,150.85.255.255,65536,26/04/94,
150.86.0.0,150.86.255.255,65536,19/05/93,
150.87.0.0,150.87.255.255,65536,19/05/93,
150.88.0.0,150.88.255.255,65536,10/02/92,
150.89.0.0,150.89.255.255,65536,12/08/92,
150.90.0.0,150.90.255.255,65536,29/12/92,
150.91.0.0,150.91.127.255,32768,29/12/92,
150.91.128.0,150.91.143.255,4096,29/12/92,
150.91.144.0,150.91.159.255,4096,29/12/92,
150.91.160.0,150.91.191.255,8192,29/12/92,
150.91.192.0,150.91.207.255,4096,29/12/92,
150.91.208.0,150.91.223.255,4096,29/12/92,
150.91.224.0,150.91.239.255,4096,29/12/92,
150.92.0.0,150.92.255.255,65536,22/05/96,
150.93.0.0,150.93.255.255,65536,13/10/93,
150.94.0.0,150.94.255.255,65536,31/03/97,
150.95.32.0,150.95.63.255,8192,31/03/97,
150.95.64.0,150.95.95.255,8192,31/03/97,
150.95.128.0,150.95.255.255,32768,31/03/97,
150.96.0.0,150.96.255.255,65536,29/07/96,
150.97.0.0,150.97.255.255,65536,02/09/92,
150.98.0.0,150.98.255.255,65536,31/03/97,
150.99.0.0,150.99.255.255,65536,10/02/92,
150.100.0.0,150.100.255.255,65536,10/02/92,
150.147.0.0,150.147.255.255,65536,09/05/91,
150.246.0.0,150.246.255.255,65536,08/05/91,
150.249.0.0,150.249.255.255,65536,08/05/91,
152.117.128.0,152.117.255.255,32768,13/08/91,
152.165.0.0,152.165.255.255,65536,01/02/94,
153.120.0.0,153.120.127.255,32768,02/03/11,
153.120.128.0,153.120.191.255,16384,02/03/11,
153.120.192.0,153.120.207.255,4096,02/03/11,
153.120.224.0,153.120.255.255,8192,02/03/11,
153.121.0.0,153.121.127.255,32768,02/03/11,
153.121.128.0,153.121.255.255,32768,02/03/11,
153.122.0.0,153.123.255.255,131072,02/03/11,
153.124.0.0,153.124.127.255,32768,12/03/11,
153.124.128.0,153.124.159.255,8192,12/03/11,
153.124.176.0,153.124.191.255,4096,12/03/11,
153.124.192.0,153.124.207.255,4096,12/03/11,
153.124.208.0,153.124.223.255,4096,12/03/11,
153.124.240.0,153.124.255.255,4096,12/03/11,
153.125.0.0,153.125.127.255,32768,02/03/11,
153.125.128.0,153.125.191.255,16384,02/03/11,
153.125.192.0,153.125.223.255,8192,02/03/11,
153.125.224.0,153.125.239.255,4096,02/03/11,
153.125.240.0,153.125.255.255,4096,02/03/11,
153.126.0.0,153.126.255.255,65536,02/03/11,
153.127.0.0,153.127.127.255,32768,02/03/11,
153.127.128.0,153.127.191.255,16384,02/03/11,
153.127.192.0,153.127.223.255,8192,02/03/11,
153.127.224.0,153.127.255.255,8192,02/03/11,
153.128.0.0,153.191.255.255,4194304,28/02/11,
153.192.0.0,153.223.255.255,2097152,28/02/11,
153.224.0.0,153.239.255.255,1048576,28/02/11,
153.240.0.0,153.247.255.255,524288,28/02/11,
153.248.0.0,153.251.255.255,262144,28/02/11,
153.252.0.0,153.253.255.255,131072,28/02/11,
153.254.0.0,153.255.255.255,131072,28/02/11,
154.8.48.0,154.8.63.255,4096,14/11/02,
154.33.0.0,154.33.255.255,65536,13/05/96,
154.34.0.0,154.34.63.255,16384,13/05/96,
154.34.64.0,154.34.127.255,16384,13/05/96,
154.34.128.0,154.34.255.255,32768,13/05/96,
155.160.0.0,155.160.255.255,65536,14/09/93,
157.1.0.0,157.1.255.255,65536,24/03/92,
157.2.0.0,157.2.255.255,65536,02/09/92,
157.3.0.0,157.3.255.255,65536,13/04/93,
157.4.0.0,157.4.255.255,65536,13/04/93,
157.5.0.0,157.5.31.255,8192,14/02/11,
157.5.32.0,157.5.47.255,4096,14/02/11,
157.5.48.0,157.5.63.255,4096,14/02/11,
157.5.64.0,157.5.127.255,16384,14/02/11,
157.5.128.0,157.5.255.255,32768,14/02/11,
157.6.0.0,157.6.255.255,65536,13/04/93,
157.7.0.0,157.7.31.255,8192,14/08/92,
157.7.32.0,157.7.63.255,8192,14/08/92,
157.7.64.0,157.7.127.255,16384,14/08/92,
157.7.128.0,157.7.255.255,32768,14/08/92,
157.8.0.0,157.8.255.255,65536,21/04/93,
157.9.0.0,157.9.255.255,65536,13/04/93,
157.11.0.0,157.11.255.255,65536,13/04/93,
157.12.0.0,157.12.255.255,65536,13/04/93,
157.13.0.0,157.13.255.255,65536,03/09/92,
157.14.0.0,157.14.31.255,8192,15/04/93,
157.14.32.0,157.14.47.255,4096,15/04/93,
157.14.64.0,157.14.79.255,4096,15/04/93,
157.14.96.0,157.14.127.255,8192,15/04/93,
157.14.144.0,157.14.159.255,4096,15/04/93,
157.14.160.0,157.14.191.255,8192,15/04/93,
157.14.192.0,157.14.207.255,4096,15/04/93,
157.14.224.0,157.14.239.255,4096,15/04/93,
157.16.0.0,157.16.255.255,65536,06/04/93,
157.17.0.0,157.17.31.255,8192,14/08/92,
157.17.32.0,157.17.63.255,8192,14/08/92,
157.17.64.0,157.17.79.255,4096,14/08/92,
157.17.96.0,157.17.111.255,4096,14/08/92,
157.17.112.0,157.17.127.255,4096,14/08/92,
157.17.128.0,157.17.255.255,32768,14/08/92,
157.19.0.0,157.19.255.255,65536,03/09/92,
157.63.0.0,157.63.255.255,65536,10/02/92,
157.64.0.0,157.64.255.255,65536,10/02/92,
157.65.16.0,157.65.31.255,4096,10/02/92,
157.65.32.0,157.65.63.255,8192,10/02/92,
157.65.64.0,157.65.127.255,16384,10/02/92,
157.65.128.0,157.65.159.255,8192,10/02/92,
157.65.160.0,157.65.175.255,4096,10/02/92,
157.65.224.0,157.65.255.255,8192,10/02/92,
157.67.0.0,157.67.255.255,65536,10/02/92,
157.68.0.0,157.68.255.255,65536,10/02/92,
157.69.0.0,157.69.255.255,65536,10/02/92,
157.70.0.0,157.70.127.255,32768,10/02/92,
157.70.128.0,157.70.159.255,8192,10/02/92,
157.70.160.0,157.70.191.255,8192,10/02/92,
157.70.192.0,157.70.207.255,4096,10/02/92,
157.70.208.0,157.70.223.255,4096,10/02/92,
157.70.224.0,157.70.239.255,4096,10/02/92,
157.70.240.0,157.70.255.255,4096,10/02/92,
157.71.0.0,157.71.255.255,65536,10/02/92,
157.72.0.0,157.75.255.255,262144,10/02/92,
157.76.0.0,157.76.255.255,65536,10/02/92,
157.77.0.0,157.77.255.255,65536,10/02/92,
157.78.0.0,157.78.255.255,65536,10/02/92,
157.79.0.0,157.79.255.255,65536,10/02/92,
157.80.0.0,157.80.255.255,65536,10/02/92,
157.81.0.0,157.81.255.255,65536,20/01/11,
157.82.0.0,157.82.255.255,65536,23/03/92,
157.101.0.0,157.101.63.255,16384,08/02/92,
157.101.64.0,157.101.127.255,16384,08/02/92,
157.101.128.0,157.101.159.255,8192,08/02/92,
157.101.160.0,157.101.191.255,8192,08/02/92,
157.101.192.0,157.101.223.255,8192,08/02/92,
157.101.224.0,157.101.255.255,8192,08/02/92,
157.102.0.0,157.102.255.255,65536,08/02/92,
157.103.0.0,157.103.255.255,65536,08/02/92,
157.104.0.0,157.104.255.255,65536,08/02/92,
157.105.0.0,157.105.255.255,65536,08/02/92,
157.106.0.0,157.106.255.255,65536,08/02/92,
157.107.0.0,157.107.255.255,65536,08/02/92,
157.108.0.0,157.108.255.255,65536,08/02/92,
157.109.0.0,157.109.255.255,65536,08/02/92,
157.110.0.0,157.110.255.255,65536,08/02/92,
157.111.0.0,157.111.255.255,65536,08/02/92,
157.112.0.0,157.112.63.255,16384,08/02/92,
157.112.64.0,157.112.79.255,4096,08/02/92,
157.112.80.0,157.112.95.255,4096,08/02/92,
157.112.112.0,157.112.127.255,4096,08/02/92,
157.112.128.0,157.112.143.255,4096,08/02/92,
157.112.144.0,157.112.159.255,4096,08/02/92,
157.112.160.0,157.112.175.255,4096,08/02/92,
157.112.176.0,157.112.191.255,4096,08/02/92,
157.112.192.0,157.112.255.255,16384,08/02/92,
157.113.0.0,157.113.255.255,65536,08/02/92,
157.114.0.0,157.114.255.255,65536,08/02/92,
157.115.0.0,157.115.255.255,65536,08/02/92,
157.116.0.0,157.116.255.255,65536,08/02/92,
157.117.0.0,157.117.255.255,65536,08/02/92,
157.118.0.0,157.118.255.255,65536,08/02/92,
157.120.0.0,157.120.63.255,16384,08/02/92,
157.120.64.0,157.120.95.255,8192,08/02/92,
157.120.96.0,157.120.111.255,4096,08/02/92,
157.120.128.0,157.120.159.255,8192,08/02/92,
157.120.160.0,157.120.191.255,8192,08/02/92,
157.120.208.0,157.120.223.255,4096,04/08/15,
157.147.0.0,157.147.255.255,65536,10/01/92,
157.185.192.0,157.185.255.255,16384,22/01/92,
157.192.0.0,157.192.255.255,65536,24/01/92,
157.205.0.0,157.205.255.255,65536,28/01/92,
157.250.64.0,157.250.127.255,16384,07/02/92,
157.250.128.0,157.250.191.255,16384,07/02/92,
157.250.192.0,157.250.207.255,4096,07/02/92,
157.250.208.0,157.250.223.255,4096,07/02/92,
157.250.224.0,157.250.239.255,4096,07/02/92,
157.250.240.0,157.250.255.255,4096,07/02/92,
158.198.0.0,158.198.255.255,65536,25/06/92,
158.199.0.0,158.199.31.255,8192,25/06/92,
158.199.32.0,158.199.63.255,8192,25/06/92,
158.199.64.0,158.199.95.255,8192,25/06/92,
158.199.96.0,158.199.111.255,4096,25/06/92,
158.199.112.0,158.199.127.255,4096,25/06/92,
158.199.128.0,158.199.255.255,32768,25/06/92,
158.200.0.0,158.200.255.255,65536,25/06/92,
158.201.0.0,158.201.127.255,32768,25/06/92,
158.201.128.0,158.201.191.255,16384,25/06/92,
158.201.192.0,158.201.207.255,4096,25/06/92,
158.201.208.0,158.201.223.255,4096,25/06/92,
158.201.224.0,158.201.239.255,4096,25/06/92,
158.201.240.0,158.201.255.255,4096,25/06/92,
158.202.0.0,158.202.255.255,65536,26/06/92,
158.203.0.0,158.203.255.255,65536,26/06/92,
158.204.0.0,158.204.255.255,65536,26/06/92,
158.205.0.0,158.205.255.255,65536,26/06/92,
158.206.0.0,158.206.255.255,65536,26/06/92,
158.207.0.0,158.207.255.255,65536,26/06/92,
158.208.0.0,158.208.255.255,65536,26/06/92,
158.209.0.0,158.209.255.255,65536,26/06/92,
158.210.0.0,158.210.255.255,65536,26/06/92,
158.211.0.0,158.211.255.255,65536,26/06/92,
158.212.0.0,158.213.255.255,131072,26/06/92,
158.214.0.0,158.214.255.255,65536,26/06/92,
158.215.0.0,158.215.255.255,65536,26/06/92,
158.217.0.0,158.217.255.255,65536,26/06/92,
158.247.192.0,158.247.255.255,16384,16/05/91,
159.28.64.0,159.28.127.255,16384,02/03/92,
159.28.128.0,159.28.255.255,32768,02/03/92,
159.80.0.0,159.80.255.255,65536,20/03/92,
159.211.0.0,159.211.255.255,65536,05/06/92,
159.228.0.0,159.228.255.255,65536,08/02/11,
159.242.16.0,159.242.31.255,4096,17/06/92,
160.11.0.0,160.11.255.255,65536,09/06/92,
160.12.0.0,160.12.255.255,65536,09/06/92,
160.13.0.0,160.13.255.255,65536,10/06/92,
160.14.0.0,160.14.255.255,65536,10/06/92,
160.15.0.0,160.15.255.255,65536,10/06/92,
160.16.0.0,160.16.255.255,65536,10/06/92,
160.17.0.0,160.17.255.255,65536,10/06/92,
160.18.0.0,160.18.255.255,65536,10/06/92,
160.21.0.0,160.21.255.255,65536,25/06/92,
160.23.0.0,160.23.255.255,65536,24/06/92,
160.24.0.0,160.24.255.255,65536,24/06/92,
160.26.0.0,160.26.255.255,65536,25/06/92,
160.27.0.0,160.27.255.255,65536,25/06/92,
160.28.0.0,160.28.255.255,65536,19/02/96,
160.29.0.0,160.29.255.255,65536,25/06/92,
160.74.0.0,160.74.255.255,65536,23/04/92,
160.86.0.0,160.86.255.255,65536,29/04/92,
160.185.0.0,160.185.255.255,65536,26/06/92,
160.186.0.0,160.186.255.255,65536,26/06/92,
160.188.0.0,160.188.255.255,65536,26/06/92,
160.189.0.0,160.189.255.255,65536,26/06/92,
160.190.0.0,160.190.255.255,65536,29/06/92,
160.192.0.0,160.192.255.255,65536,29/06/92,
160.193.0.0,160.193.255.255,65536,29/06/92,
160.194.0.0,160.194.255.255,65536,29/06/92,
160.195.0.0,160.195.255.255,65536,24/07/92,
160.196.0.0,160.196.255.255,65536,24/07/92,
160.197.0.0,160.197.255.255,65536,24/07/92,
160.198.0.0,160.198.255.255,65536,24/07/92,
160.199.0.0,160.199.255.255,65536,24/07/92,
160.200.0.0,160.200.255.255,65536,24/07/92,
160.201.0.0,160.201.255.255,65536,27/07/92,
160.203.0.0,160.203.255.255,65536,27/07/92,
160.204.0.0,160.204.255.255,65536,27/07/92,
160.215.0.0,160.215.255.255,65536,16/03/12,
160.233.0.0,160.233.255.255,65536,02/11/92,
160.234.0.0,160.234.255.255,65536,24/02/11,
160.237.0.0,160.237.63.255,16384,16/04/93,
160.237.64.0,160.237.127.255,16384,16/04/93,
160.237.128.0,160.237.191.255,16384,16/04/93,
160.237.192.0,160.237.255.255,16384,16/04/93,
160.239.0.0,160.239.255.255,65536,19/04/93,
160.240.0.0,160.241.255.255,131072,19/04/93,
160.243.0.0,160.243.255.255,65536,19/04/93,
160.244.0.0,160.244.255.255,65536,21/12/92,
160.245.0.0,160.245.255.255,65536,19/04/93,
160.246.0.0,160.246.255.255,65536,19/04/93,
160.247.0.0,160.247.255.255,65536,19/04/93,
160.248.16.0,160.248.31.255,4096,19/04/93,
160.248.32.0,160.248.63.255,8192,19/04/93,
160.248.96.0,160.248.127.255,8192,19/04/93,
160.248.128.0,160.248.159.255,8192,19/04/93,
160.248.160.0,160.248.175.255,4096,19/04/93,
160.248.208.0,160.248.223.255,4096,19/04/93,
160.249.0.0,160.249.255.255,65536,20/04/93,
160.251.0.0,160.251.255.255,65536,19/04/93,
160.252.0.0,160.252.255.255,65536,19/01/93,
161.34.0.0,161.34.255.255,65536,05/12/90,
161.93.0.0,161.93.255.255,65536,23/06/92,
161.94.0.0,161.95.255.255,131072,23/06/92,
161.96.0.0,161.96.255.255,65536,23/06/92,
162.43.0.0,162.43.127.255,32768,21/07/92,
163.42.0.0,163.42.255.255,65536,24/07/92,
163.43.0.0,163.43.255.255,65536,24/07/92,
163.44.0.0,163.44.63.255,16384,24/07/92,
163.44.64.0,163.44.127.255,16384,24/07/92,
163.44.128.0,163.44.191.255,16384,24/07/92,
163.44.208.0,163.44.223.255,4096,24/07/92,
163.44.224.0,163.44.255.255,8192,24/07/92,
163.45.0.0,163.45.255.255,65536,24/07/92,
163.46.0.0,163.46.255.255,65536,24/07/92,
163.48.0.0,163.48.255.255,65536,24/07/92,
163.49.0.0,163.49.255.255,65536,24/07/92,
163.50.0.0,163.50.255.255,65536,24/07/92,
163.51.0.0,163.51.255.255,65536,24/07/92,
163.54.0.0,163.54.255.255,65536,24/07/92,
163.55.0.0,163.55.255.255,65536,24/07/92,
163.56.0.0,163.56.255.255,65536,24/07/92,
163.58.0.0,163.58.255.255,65536,24/07/92,
163.59.0.0,163.59.255.255,65536,02/11/92,
163.60.0.0,163.60.255.255,65536,24/07/92,
163.130.0.0,163.130.255.255,65536,28/07/92,
163.131.0.0,163.131.255.255,65536,30/11/92,
163.132.0.0,163.132.255.255,65536,30/11/92,
163.133.0.0,163.133.255.255,65536,30/11/92,
163.134.0.0,163.134.255.255,65536,30/11/92,
163.135.0.0,163.135.255.255,65536,30/11/92,
163.136.0.0,163.136.255.255,65536,30/11/92,
163.137.0.0,163.137.255.255,65536,30/11/92,
163.138.0.0,163.138.255.255,65536,30/11/92,
163.139.0.0,163.139.255.255,65536,30/11/92,
163.140.0.0,163.140.255.255,65536,30/11/92,
163.141.0.0,163.141.255.255,65536,30/11/92,
163.143.0.0,163.143.255.255,65536,30/11/92,
163.144.0.0,163.144.255.255,65536,30/11/92,
163.145.0.0,163.145.255.255,65536,30/11/92,
163.146.0.0,163.146.255.255,65536,30/11/92,
163.147.0.0,163.147.255.255,65536,30/11/92,
163.148.0.0,163.148.255.255,65536,01/12/92,
163.149.0.0,163.149.255.255,65536,01/12/92,
163.208.0.0,163.208.255.255,65536,09/04/93,
163.209.0.0,163.209.255.255,65536,09/04/93,
163.210.0.0,163.210.255.255,65536,09/04/93,
163.211.0.0,163.211.255.255,65536,09/04/93,
163.212.0.0,163.212.255.255,65536,15/04/93,
163.214.0.0,163.214.255.255,65536,21/12/92,
163.215.0.0,163.215.255.255,65536,12/04/93,
163.217.0.0,163.217.255.255,65536,12/04/93,
163.218.0.0,163.218.255.255,65536,12/04/93,
163.219.0.0,163.219.255.255,65536,12/04/93,
163.220.0.0,163.220.127.255,32768,02/04/93,
163.220.128.0,163.220.159.255,8192,02/04/93,
163.220.160.0,163.220.175.255,4096,02/04/93,
163.220.176.0,163.220.191.255,4096,02/04/93,
163.220.192.0,163.220.223.255,8192,02/04/93,
163.220.224.0,163.220.239.255,4096,02/04/93,
163.221.0.0,163.221.255.255,65536,26/03/93,
163.224.0.0,163.224.255.255,65536,16/04/93,
163.225.0.0,163.225.255.255,65536,16/04/93,
163.226.0.0,163.226.255.255,65536,16/04/93,
164.43.0.0,164.43.255.255,65536,30/10/92,
164.46.0.0,164.46.255.255,65536,18/11/92,
164.69.0.0,164.69.255.255,65536,17/12/92,
164.70.0.0,164.70.63.255,16384,17/12/92,
164.70.64.0,164.70.127.255,16384,17/12/92,
164.70.128.0,164.70.255.255,32768,17/12/92,
164.71.0.0,164.71.255.255,65536,17/12/92,
164.161.0.0,164.161.255.255,65536,19/03/93,
164.162.0.0,164.162.255.255,65536,19/03/93,
165.14.0.0,165.14.255.255,65536,29/03/93,
165.15.0.0,165.15.255.255,65536,21/01/11,
165.17.0.0,165.17.255.255,65536,07/02/11,
165.76.0.0,165.76.127.255,32768,22/04/93,
165.76.128.0,165.76.255.255,32768,22/04/93,
165.93.0.0,165.93.255.255,65536,07/05/93,
165.96.0.0,165.96.255.255,65536,10/05/93,
165.100.0.0,165.100.127.255,32768,11/05/93,
165.100.128.0,165.100.159.255,8192,11/05/93,
165.100.160.0,165.100.191.255,8192,11/05/93,
165.100.192.0,165.100.207.255,4096,11/05/93,
165.100.208.0,165.100.223.255,4096,11/05/93,
165.100.224.0,165.100.255.255,8192,11/05/93,
165.102.0.0,165.102.255.255,65536,11/05/93,
165.108.0.0,165.108.255.255,65536,13/05/93,
165.241.0.0,165.241.255.255,65536,04/10/93,
165.242.0.0,165.242.255.255,65536,04/10/93,
166.100.0.0,166.100.255.255,65536,30/11/93,
166.118.0.0,166.118.255.255,65536,27/12/93,
166.119.0.0,166.119.255.255,65536,27/12/93,
167.169.0.0,167.169.255.255,65536,25/08/93,
170.105.0.0,170.105.255.255,65536,04/04/94,
170.249.96.0,170.249.127.255,8192,14/06/00,
171.2.0.0,171.3.255.255,131072,07/03/11,
172.86.208.0,172.86.223.255,4096,06/01/15,
172.122.0.0,172.123.255.255,131072,24/06/15,
175.28.16.0,175.28.31.255,4096,09/12/09,
175.28.128.0,175.28.255.255,32768,09/12/09,
175.41.64.0,175.41.127.255,16384,15/12/09,
175.41.192.0,175.41.255.255,16384,14/12/09,
175.100.208.0,175.100.223.255,4096,04/01/10,
175.100.224.0,175.100.255.255,8192,04/01/10,
175.103.192.0,175.103.207.255,4096,04/01/10,
175.103.224.0,175.103.255.255,8192,04/01/10,
175.104.0.0,175.105.255.255,131072,04/01/10,
175.108.0.0,175.109.255.255,131072,07/01/10,
175.111.64.0,175.111.79.255,4096,13/01/10,
175.128.0.0,175.135.255.255,524288,07/01/10,
175.158.112.0,175.158.127.255,4096,20/01/10,
175.177.0.0,175.177.255.255,65536,21/01/10,
175.179.0.0,175.179.255.255,65536,27/01/10,
175.184.0.0,175.184.127.255,32768,27/01/10,
180.0.0.0,180.63.255.255,4194304,06/07/09,
180.92.16.0,180.92.31.255,4096,22/07/09,
180.92.32.0,180.92.63.255,8192,23/07/09,
180.94.192.0,180.94.207.255,4096,05/08/09,
180.94.240.0,180.94.255.255,4096,06/08/09,
180.131.192.0,180.131.207.255,4096,24/08/09,
180.131.208.0,180.131.223.255,4096,24/08/09,
180.131.224.0,180.131.255.255,8192,24/08/09,
180.144.0.0,180.147.255.255,262144,21/08/09,
180.148.160.0,180.148.175.255,4096,26/08/09,
180.148.192.0,180.148.207.255,4096,31/08/09,
180.149.160.0,180.149.191.255,8192,01/09/09,
180.188.208.0,180.188.223.255,4096,18/09/09,
180.189.0.0,180.189.15.255,4096,17/09/09,
180.189.32.0,180.189.47.255,4096,17/09/09,
180.189.224.0,180.189.255.255,8192,18/02/11,
180.196.0.0,180.199.255.255,262144,18/09/09,
180.200.0.0,180.200.127.255,32768,21/09/09,
180.214.0.0,180.214.63.255,16384,01/10/09,
180.220.0.0,180.221.255.255,131072,06/10/09,
180.222.32.0,180.222.63.255,8192,22/02/11,
180.222.80.0,180.222.95.255,4096,14/10/09,
180.222.176.0,180.222.191.255,4096,23/03/11,
180.233.96.0,180.233.111.255,4096,22/10/09,
180.235.0.0,180.235.63.255,16384,30/10/09,
180.235.224.0,180.235.255.255,8192,22/02/11,
182.20.0.0,182.21.255.255,131072,08/02/10,
182.22.0.0,182.22.127.255,32768,10/02/10,
182.22.128.0,182.22.255.255,32768,10/02/10,
182.23.224.0,182.23.255.255,8192,17/02/10,
182.48.0.0,182.48.63.255,16384,17/02/10,
182.50.96.0,182.50.111.255,4096,24/02/10,
182.50.192.0,182.50.223.255,8192,26/02/10,
182.50.224.0,182.50.239.255,4096,26/02/10,
182.54.176.0,182.54.191.255,4096,24/03/11,
182.93.96.0,182.93.127.255,8192,15/03/10,
182.158.0.0,182.159.255.255,131072,09/03/10,
182.160.192.0,182.160.255.255,16384,07/02/11,
182.163.0.0,182.163.31.255,8192,06/04/10,
182.163.32.0,182.163.63.255,8192,06/04/10,
182.163.64.0,182.163.95.255,8192,06/04/10,
182.164.0.0,182.167.255.255,262144,01/04/10,
182.168.0.0,182.171.255.255,262144,07/04/10,
182.173.128.0,182.173.159.255,8192,16/04/10,
182.236.16.0,182.236.31.255,4096,23/04/10,
182.236.64.0,182.236.95.255,8192,27/04/10,
182.236.96.0,182.236.111.255,4096,27/04/10,
182.248.0.0,182.251.255.255,262144,28/04/10,
182.255.64.0,182.255.79.255,4096,12/05/10,
183.72.0.0,183.75.255.255,262144,29/10/09,
183.76.0.0,183.77.255.255,131072,30/10/09,
183.79.0.0,183.79.255.255,65536,06/11/09,
183.86.0.0,183.86.127.255,32768,13/11/09,
183.86.128.0,183.86.191.255,16384,13/11/09,
183.90.192.0,183.90.223.255,8192,20/05/10,
183.90.224.0,183.90.255.255,8192,20/05/10,
183.91.96.0,183.91.127.255,8192,22/02/11,
183.176.0.0,183.176.255.255,65536,26/11/09,
183.177.0.0,183.177.31.255,8192,26/11/09,
183.177.32.0,183.177.47.255,4096,26/11/09,
183.177.128.0,183.177.255.255,32768,30/11/09,
183.180.0.0,183.180.255.255,65536,30/11/09,
183.181.0.0,183.181.63.255,16384,01/12/09,
183.181.128.0,183.181.191.255,16384,01/12/09,
183.181.192.0,183.181.255.255,16384,01/12/09,
183.182.32.0,183.182.63.255,8192,02/12/09,
183.182.128.0,183.182.255.255,32768,07/12/09,
183.183.0.0,183.183.255.255,65536,07/12/09,
192.47.144.0,192.47.159.255,4096,30/12/92,
192.50.0.0,192.50.255.255,65536,21/02/89,
192.51.16.0,192.51.31.255,4096,02/08/93,
192.51.64.0,192.51.127.255,16384,21/02/89,
192.51.208.0,192.51.223.255,4096,06/08/93,
192.52.128.0,192.52.143.255,4096,24/01/11,
192.174.128.0,192.174.143.255,4096,17/07/92,
192.174.144.0,192.174.159.255,4096,14/07/94,
192.174.160.0,192.174.191.255,8192,14/07/94,
192.174.192.0,192.174.255.255,16384,14/07/94,
192.218.0.0,192.218.255.255,65536,28/08/92,
192.244.0.0,192.244.255.255,65536,22/10/92,
193.82.0.0,193.82.31.255,8192,19/04/95,
193.82.64.0,193.82.95.255,8192,19/04/95,
193.82.160.0,193.82.191.255,8192,19/04/95,
193.114.0.0,193.114.31.255,8192,10/02/94,
193.114.32.0,193.114.63.255,8192,10/02/94,
193.114.64.0,193.114.95.255,8192,10/02/92,
193.114.192.0,193.114.255.255,16384,10/02/94,
193.115.0.0,193.115.31.255,8192,10/02/94,
193.115.32.0,193.115.63.255,8192,10/02/94,
193.115.128.0,193.115.191.255,16384,10/02/94,
193.116.0.0,193.116.31.255,8192,10/02/94,
193.116.32.0,193.116.63.255,8192,10/02/94,
193.117.0.0,193.117.31.255,8192,10/02/94,
193.117.64.0,193.117.95.255,8192,10/02/94,
193.117.96.0,193.117.127.255,8192,10/02/94,
193.118.0.0,193.118.31.255,8192,10/02/94,
193.118.64.0,193.118.95.255,8192,10/02/94,
193.119.128.0,193.119.255.255,32768,09/06/94,
194.91.0.0,194.91.255.255,65536,17/01/96,
194.193.64.0,194.193.95.255,8192,31/08/95,
194.193.96.0,194.193.127.255,8192,31/08/95,
194.193.224.0,194.193.255.255,8192,09/10/95,
194.223.96.0,194.223.127.255,8192,21/12/95,
194.223.144.0,194.223.159.255,4096,21/12/95,
194.223.192.0,194.223.255.255,16384,21/12/95,
195.181.224.0,195.181.239.255,4096,20/03/97,
198.144.128.0,198.144.143.255,4096,03/12/99,
198.144.160.0,198.144.175.255,4096,15/03/99,
199.247.160.0,199.247.175.255,4096,28/04/94,
202.1.208.0,202.1.223.255,4096,07/10/03,
202.2.144.0,202.2.159.255,4096,04/08/95,
202.2.160.0,202.2.191.255,8192,26/12/95,
202.2.192.0,202.2.255.255,16384,24/07/97,
202.3.144.0,202.3.159.255,4096,06/08/04,
202.5.64.0,202.5.79.255,4096,26/05/04,
202.7.16.0,202.7.31.255,4096,09/10/03,
202.7.96.0,202.7.111.255,4096,16/10/03,
202.7.112.0,202.7.127.255,4096,07/02/05,
202.8.48.0,202.8.63.255,4096,04/12/03,
202.8.208.0,202.8.223.255,4096,08/06/04,
202.9.208.0,202.9.223.255,4096,10/12/03,
202.10.96.0,202.10.111.255,4096,27/09/02,
202.11.0.0,202.11.255.255,65536,13/04/94,
202.13.0.0,202.13.255.255,65536,08/04/93,
202.15.0.0,202.15.255.255,65536,08/12/93,
202.16.0.0,202.16.255.255,65536,08/12/93,
202.17.0.0,202.17.255.255,65536,08/12/93,
202.18.0.0,202.18.255.255,65536,08/12/93,
202.19.0.0,202.19.255.255,65536,08/12/93,
202.21.160.0,202.21.175.255,4096,07/02/02,
202.22.64.0,202.22.127.255,16384,14/04/10,
202.22.208.0,202.22.223.255,4096,17/12/03,
202.23.0.0,202.23.255.255,65536,29/03/95,
202.24.0.0,202.25.255.255,131072,29/03/95,
202.26.0.0,202.26.255.255,65536,29/03/95,
202.32.0.0,202.35.255.255,262144,16/11/93,
202.41.208.0,202.41.223.255,4096,29/12/03,
202.42.16.0,202.42.31.255,4096,09/07/99,
202.42.80.0,202.42.95.255,4096,09/07/99,
202.42.112.0,202.42.127.255,4096,09/07/99,
202.43.16.0,202.43.31.255,4096,07/01/04,
202.47.16.0,202.47.31.255,4096,10/02/04,
202.48.0.0,202.48.255.255,65536,08/04/94,
202.51.32.0,202.51.47.255,4096,22/10/03,
202.52.16.0,202.52.31.255,4096,11/03/04,
202.52.176.0,202.52.191.255,4096,08/03/04,
202.53.16.0,202.53.31.255,4096,26/03/04,
202.53.112.0,202.53.127.255,4096,14/01/04,
202.53.208.0,202.53.223.255,4096,26/03/04,
202.55.112.0,202.55.127.255,4096,18/11/03,
202.55.192.0,202.55.223.255,8192,18/08/03,
202.56.16.0,202.56.31.255,4096,05/04/04,
202.56.64.0,202.56.79.255,4096,19/01/05,
202.57.224.0,202.57.239.255,4096,02/04/04,
202.58.144.0,202.58.159.255,4096,18/05/04,
202.59.112.0,202.59.127.255,4096,08/09/03,
202.59.176.0,202.59.191.255,4096,02/04/04,
202.60.16.0,202.60.31.255,4096,21/06/04,
202.60.32.0,202.60.47.255,4096,06/08/04,
202.60.160.0,202.60.191.255,8192,17/10/03,
202.61.16.0,202.61.31.255,4096,08/04/04,
202.62.160.0,202.62.175.255,4096,19/04/04,
202.62.176.0,202.62.191.255,4096,10/11/05,
202.67.16.0,202.67.31.255,4096,28/05/04,
202.67.48.0,202.67.63.255,4096,17/05/04,
202.69.112.0,202.69.127.255,4096,11/06/04,
202.69.224.0,202.69.239.255,4096,17/06/04,
202.70.176.0,202.70.191.255,4096,25/06/04,
202.70.208.0,202.70.223.255,4096,22/07/04,
202.70.224.0,202.70.255.255,8192,27/05/04,
202.71.48.0,202.71.63.255,4096,26/03/04,
202.71.64.0,202.71.95.255,8192,22/01/04,
202.72.48.0,202.72.63.255,4096,09/08/04,
202.72.64.0,202.72.79.255,4096,16/02/06,
202.73.64.0,202.73.79.255,4096,13/02/04,
202.73.80.0,202.73.95.255,4096,11/05/04,
202.73.208.0,202.73.223.255,4096,18/08/04,
202.74.16.0,202.74.31.255,4096,19/08/04,
202.75.112.0,202.75.127.255,4096,25/08/04,
202.76.192.0,202.76.223.255,8192,23/04/04,
202.78.176.0,202.78.191.255,4096,13/09/04,
202.78.208.0,202.78.223.255,4096,15/09/04,
202.79.0.0,202.79.15.255,4096,11/05/04,
202.79.64.0,202.79.95.255,8192,23/11/99,
202.79.96.0,202.79.127.255,8192,25/09/00,
202.79.128.0,202.79.159.255,8192,27/04/04,
202.81.80.0,202.81.95.255,4096,20/09/04,
202.83.128.0,202.83.159.255,8192,18/10/99,
202.83.224.0,202.83.239.255,4096,27/09/04,
202.84.48.0,202.84.63.255,4096,28/09/04,
202.84.80.0,202.84.95.255,4096,10/02/04,
202.86.224.0,202.86.239.255,4096,04/10/04,
202.87.64.0,202.87.79.255,4096,04/10/04,
202.87.224.0,202.87.239.255,4096,13/10/04,
202.88.48.0,202.88.63.255,4096,14/10/04,
202.89.80.0,202.89.95.255,4096,19/10/04,
202.90.176.0,202.90.191.255,4096,17/11/03,
202.90.208.0,202.90.223.255,4096,26/10/04,
202.91.48.0,202.91.63.255,4096,12/11/04,
202.91.112.0,202.91.127.255,4096,18/11/04,
202.91.144.0,202.91.159.255,4096,22/11/04,
202.91.208.0,202.91.223.255,4096,02/09/03,
202.93.64.0,202.93.95.255,8192,29/04/04,
202.94.48.0,202.94.63.255,4096,07/01/05,
202.94.128.0,202.94.159.255,8192,18/05/04,
202.94.176.0,202.94.191.255,4096,23/12/03,
202.94.192.0,202.94.223.255,8192,23/12/03,
202.95.32.0,202.95.63.255,8192,18/05/04,
202.95.160.0,202.95.175.255,4096,11/03/02,
202.95.176.0,202.95.191.255,4096,09/09/03,
202.95.208.0,202.95.223.255,4096,19/01/05,
202.122.48.0,202.122.63.255,4096,20/01/05,
202.122.176.0,202.122.191.255,4096,08/02/05,
202.122.192.0,202.122.255.255,16384,06/11/03,
202.124.0.0,202.124.15.255,4096,18/03/04,
202.124.48.0,202.124.63.255,4096,15/02/05,
202.124.208.0,202.124.223.255,4096,16/02/05,
202.125.48.0,202.125.63.255,4096,22/02/05,
202.126.224.0,202.126.239.255,4096,16/07/02,
202.126.240.0,202.126.255.255,4096,11/03/05,
202.127.80.0,202.127.95.255,4096,11/03/05,
202.127.176.0,202.127.191.255,4096,15/03/05,
202.131.192.0,202.131.207.255,4096,21/03/05,
202.133.112.0,202.133.127.255,4096,07/04/05,
202.135.16.0,202.135.31.255,4096,04/10/95,
202.135.32.0,202.135.63.255,8192,19/03/96,
202.135.64.0,202.135.95.255,8192,19/03/96,
202.135.96.0,202.135.127.255,8192,23/08/96,
202.135.144.0,202.135.159.255,4096,05/12/96,
202.135.160.0,202.135.191.255,8192,05/12/96,
202.135.192.0,202.135.255.255,16384,05/12/96,
202.136.192.0,202.136.207.255,4096,23/09/03,
202.137.32.0,202.137.63.255,8192,07/06/04,
202.138.80.0,202.138.95.255,4096,17/05/05,
202.140.0.0,202.140.31.255,8192,25/03/97,
202.140.192.0,202.140.223.255,8192,03/06/04,
202.141.192.0,202.141.207.255,4096,04/05/04,
202.142.224.0,202.142.255.255,8192,07/04/05,
202.143.64.0,202.143.95.255,8192,22/08/06,
202.143.192.0,202.143.223.255,8192,02/07/04,
202.143.224.0,202.143.255.255,8192,03/02/05,
202.144.224.0,202.144.255.255,8192,07/04/11,
202.147.0.0,202.147.63.255,16384,26/06/03,
202.147.208.0,202.147.223.255,4096,21/06/05,
202.148.240.0,202.148.255.255,4096,01/07/05,
202.149.0.0,202.149.15.255,4096,28/04/05,
202.151.96.0,202.151.127.255,8192,15/07/04,
202.152.96.0,202.152.127.255,8192,16/07/04,
202.152.208.0,202.152.223.255,4096,16/08/05,
202.157.0.0,202.157.63.255,16384,06/11/03,
202.157.96.0,202.157.111.255,4096,05/12/01,
202.157.112.0,202.157.127.255,4096,30/01/02,
202.157.224.0,202.157.255.255,8192,22/09/03,
202.158.224.0,202.158.239.255,4096,23/08/06,
202.161.192.0,202.161.255.255,16384,11/12/03,
202.162.80.0,202.162.95.255,4096,13/09/05,
202.162.112.0,202.162.127.255,4096,23/09/03,
202.162.128.0,202.162.159.255,8192,28/11/03,
202.163.160.0,202.163.175.255,4096,04/09/03,
202.163.176.0,202.163.191.255,4096,30/05/05,
202.164.64.0,202.164.95.255,8192,11/12/03,
202.164.224.0,202.164.239.255,4096,07/10/05,
202.164.240.0,202.164.255.255,4096,05/04/06,
202.165.160.0,202.165.175.255,4096,05/05/05,
202.167.224.0,202.167.239.255,4096,27/08/04,
202.167.240.0,202.167.255.255,4096,03/06/05,
202.169.64.0,202.169.79.255,4096,04/09/03,
202.169.80.0,202.169.95.255,4096,13/07/04,
202.169.128.0,202.169.159.255,8192,07/11/03,
202.170.96.0,202.170.111.255,4096,24/02/04,
202.170.176.0,202.170.191.255,4096,11/05/04,
202.171.80.0,202.171.95.255,4096,17/03/04,
202.171.112.0,202.171.127.255,4096,13/10/05,
202.171.128.0,202.171.159.255,8192,17/01/05,
202.172.64.0,202.172.95.255,8192,13/04/04,
202.173.96.0,202.173.111.255,4096,06/09/04,
202.174.48.0,202.174.63.255,4096,25/03/04,
202.174.192.0,202.174.223.255,8192,07/09/04,
202.175.144.0,202.175.159.255,4096,18/11/03,
202.176.16.0,202.176.31.255,4096,10/02/04,
202.176.32.0,202.176.63.255,8192,10/02/04,
202.177.48.0,202.177.63.255,4096,16/02/04,
202.177.64.0,202.177.127.255,16384,23/12/03,
202.177.192.0,202.177.207.255,4096,26/07/01,
202.178.80.0,202.178.95.255,4096,23/03/04,
202.178.96.0,202.178.111.255,4096,15/03/04,
202.179.32.0,202.179.63.255,8192,29/01/04,
202.179.192.0,202.179.207.255,4096,21/10/03,
202.179.208.0,202.179.223.255,4096,03/06/04,
202.179.224.0,202.179.239.255,4096,21/06/04,
202.180.32.0,202.180.47.255,4096,28/01/04,
202.180.176.0,202.180.191.255,4096,11/02/04,
202.180.192.0,202.180.207.255,4096,27/01/04,
202.181.96.0,202.181.111.255,4096,16/01/04,
202.183.48.0,202.183.63.255,4096,29/01/04,
202.183.80.0,202.183.95.255,4096,29/01/04,
202.189.144.0,202.189.159.255,4096,16/01/04,
202.189.192.0,202.189.223.255,8192,19/12/03,
202.191.16.0,202.191.31.255,4096,16/01/04,
202.208.0.0,202.211.255.255,262144,29/02/96,
202.212.0.0,202.215.255.255,262144,20/02/96,
202.216.0.0,202.219.255.255,262144,15/12/95,
202.220.0.0,202.223.255.255,262144,19/10/95,
202.224.0.0,202.225.255.255,131072,19/10/95,
202.226.0.0,202.227.255.255,131072,04/09/95,
202.228.0.0,202.229.255.255,131072,04/09/95,
202.230.0.0,202.231.255.255,131072,14/08/95,
202.232.0.0,202.235.255.255,262144,18/06/95,
202.236.0.0,202.239.255.255,262144,29/03/95,
202.240.0.0,202.255.255.255,1048576,29/03/95,
203.76.64.0,203.76.95.255,8192,03/02/04,
203.78.192.0,203.78.207.255,4096,07/04/03,
203.78.224.0,203.78.255.255,8192,16/06/04,
203.79.48.0,203.79.63.255,4096,26/05/04,
203.81.112.0,203.81.127.255,4096,05/01/06,
203.82.128.0,203.82.159.255,8192,11/05/00,
203.88.176.0,203.88.191.255,4096,27/01/06,
203.89.32.0,203.89.63.255,8192,22/11/04,
203.91.160.0,203.91.191.255,8192,02/12/04,
203.92.208.0,203.92.223.255,4096,03/02/06,
203.95.32.0,203.95.63.255,8192,24/12/04,
203.100.128.0,203.100.159.255,8192,07/06/00,
203.104.96.0,203.104.111.255,4096,22/04/02,
203.104.112.0,203.104.127.255,4096,30/10/03,
203.104.128.0,203.104.143.255,4096,06/09/99,
203.104.192.0,203.104.223.255,8192,03/05/00,
203.104.224.0,203.104.255.255,8192,25/05/01,
203.105.64.0,203.105.95.255,8192,09/02/05,
203.110.96.0,203.110.127.255,8192,17/02/05,
203.111.192.0,203.111.207.255,4096,11/04/11,
203.112.0.0,203.112.31.255,8192,29/04/10,
203.112.32.0,203.112.63.255,8192,25/02/05,
203.114.0.0,203.114.63.255,16384,04/04/00,
203.114.192.0,203.114.223.255,8192,04/03/05,
203.124.64.0,203.124.95.255,8192,09/03/05,
203.129.96.0,203.129.111.255,4096,15/03/05,
203.129.112.0,203.129.127.255,4096,23/01/07,
203.129.160.0,203.129.191.255,8192,15/03/05,
203.131.192.0,203.131.207.255,4096,16/01/01,
203.131.240.0,203.131.255.255,4096,24/04/98,
203.132.96.0,203.132.127.255,8192,17/03/06,
203.133.128.0,203.133.159.255,8192,13/01/05,
203.133.192.0,203.133.223.255,8192,16/05/05,
203.135.192.0,203.135.255.255,16384,08/07/04,
203.136.0.0,203.139.255.255,262144,21/05/96,
203.140.0.0,203.141.255.255,131072,21/05/96,
203.142.192.0,203.142.207.255,4096,01/06/05,
203.143.96.0,203.143.127.255,8192,03/06/05,
203.145.96.0,203.145.111.255,4096,11/04/11,
203.145.224.0,203.145.255.255,8192,28/05/99,
203.147.112.0,203.147.127.255,4096,11/04/11,
203.148.96.0,203.148.127.255,8192,01/07/05,
203.149.96.0,203.149.111.255,4096,26/07/05,
203.152.192.0,203.152.223.255,8192,04/08/05,
203.153.64.0,203.153.79.255,4096,08/04/11,
203.160.16.0,203.160.31.255,4096,10/04/06,
203.163.0.0,203.163.63.255,16384,30/07/98,
203.163.64.0,203.163.127.255,16384,17/11/99,
203.165.0.0,203.165.127.255,32768,07/01/00,
203.165.128.0,203.165.255.255,32768,04/05/00,
203.167.32.0,203.167.63.255,8192,29/09/05,
203.168.64.0,203.168.127.255,16384,07/02/05,
203.170.32.0,203.170.47.255,4096,10/10/05,
203.171.128.0,203.171.159.255,8192,07/04/00,
203.173.64.0,203.173.79.255,4096,24/10/01,
203.174.64.0,203.174.79.255,4096,13/10/00,
203.174.192.0,203.174.223.255,8192,29/08/03,
203.174.224.0,203.174.255.255,8192,02/06/04,
203.175.16.0,203.175.31.255,4096,27/04/06,
203.175.80.0,203.175.95.255,4096,28/04/06,
203.178.0.0,203.179.255.255,131072,11/04/96,
203.180.0.0,203.183.255.255,262144,11/04/96,
203.184.96.0,203.184.127.255,8192,25/11/05,
203.189.32.0,203.189.63.255,8192,06/12/05,
203.189.96.0,203.189.111.255,4096,08/04/11,
203.190.224.0,203.190.239.255,4096,19/05/06,
203.191.208.0,203.191.223.255,4096,23/05/06,
203.191.224.0,203.191.239.255,4096,12/12/05,
203.191.240.0,203.191.255.255,4096,01/03/07,
203.192.96.0,203.192.127.255,8192,23/02/04,
203.192.128.0,203.192.159.255,8192,27/04/00,
203.192.160.0,203.192.191.255,8192,26/06/01,
203.194.64.0,203.194.95.255,8192,20/12/01,
203.196.64.0,203.196.79.255,4096,29/12/05,
203.196.96.0,203.196.111.255,4096,21/12/04,
203.196.112.0,203.196.127.255,4096,08/10/03,
203.202.192.0,203.202.223.255,8192,20/02/04,
203.205.96.0,203.205.111.255,4096,08/04/11,
203.205.112.0,203.205.127.255,4096,29/05/06,
203.209.144.0,203.209.159.255,4096,31/05/06,
203.211.32.0,203.211.47.255,4096,30/01/06,
203.211.160.0,203.211.191.255,8192,10/06/04,
203.211.192.0,203.211.223.255,8192,05/09/03,
203.211.224.0,203.211.255.255,8192,09/01/04,
203.212.32.0,203.212.63.255,8192,01/02/06,
203.213.160.0,203.213.191.255,8192,02/03/06,
203.216.0.0,203.216.127.255,32768,27/12/96,
203.216.128.0,203.216.159.255,8192,22/03/00,
203.216.192.0,203.216.255.255,16384,14/10/04,
203.222.208.0,203.222.223.255,4096,05/06/06,
203.222.224.0,203.222.255.255,8192,26/04/06,
203.223.48.0,203.223.63.255,4096,06/06/06,
206.3.0.0,206.3.31.255,8192,21/03/00,
207.65.128.0,207.65.255.255,32768,23/02/96,
209.17.64.0,209.17.95.255,8192,18/12/06,
210.1.144.0,210.1.159.255,4096,12/06/06,
210.1.160.0,210.1.191.255,8192,28/04/06,
210.2.192.0,210.2.255.255,16384,12/08/05,
210.4.160.0,210.4.191.255,8192,08/05/06,
210.4.240.0,210.4.255.255,4096,24/09/07,
210.7.96.0,210.7.127.255,8192,05/08/98,
210.7.128.0,210.7.255.255,32768,05/08/98,
210.14.48.0,210.14.63.255,4096,20/06/06,
210.20.0.0,210.20.63.255,16384,02/08/00,
210.20.64.0,210.20.127.255,16384,13/10/00,
210.20.128.0,210.20.143.255,4096,05/12/00,
210.20.144.0,210.20.159.255,4096,10/01/01,
210.20.160.0,210.20.191.255,8192,10/01/01,
210.20.192.0,210.20.255.255,16384,10/01/01,
210.48.224.0,210.48.255.255,8192,29/05/06,
210.56.160.0,210.56.191.255,8192,06/06/06,
210.79.0.0,210.79.15.255,4096,30/08/01,
210.79.32.0,210.79.47.255,4096,13/06/06,
210.79.192.0,210.79.207.255,4096,14/06/06,
210.80.192.0,210.80.255.255,16384,16/01/02,
210.81.0.0,210.81.31.255,8192,16/12/98,
210.81.32.0,210.81.63.255,8192,04/02/00,
210.81.64.0,210.81.127.255,16384,13/04/00,
210.81.128.0,210.81.191.255,16384,06/10/00,
210.81.192.0,210.81.255.255,16384,17/08/01,
210.87.224.0,210.87.239.255,4096,12/07/06,
210.88.0.0,210.88.15.255,4096,22/10/97,
210.88.16.0,210.88.31.255,4096,22/10/97,
210.88.32.0,210.88.47.255,4096,22/10/97,
210.88.64.0,210.88.95.255,8192,22/10/97,
210.88.96.0,210.88.127.255,8192,10/12/98,
210.88.128.0,210.88.143.255,4096,10/12/98,
210.88.144.0,210.88.159.255,4096,10/12/98,
210.88.160.0,210.88.191.255,8192,25/05/99,
210.88.192.0,210.88.207.255,4096,22/05/00,
210.88.240.0,210.88.255.255,4096,27/03/01,
210.89.0.0,210.89.31.255,8192,04/07/01,
210.89.112.0,210.89.127.255,4096,06/08/03,
210.89.192.0,210.89.255.255,16384,23/11/04,
210.128.0.0,210.135.255.255,524288,16/08/96,
210.136.0.0,210.143.255.255,524288,14/10/96,
210.144.0.0,210.159.255.255,1048576,30/12/96,
210.160.0.0,210.175.255.255,1048576,04/08/97,
210.185.128.0,210.185.159.255,8192,28/10/02,
210.188.0.0,210.191.255.255,262144,09/06/99,
210.193.64.0,210.193.127.255,16384,10/12/04,
210.194.0.0,210.194.255.255,65536,12/01/01,
210.196.0.0,210.199.255.255,262144,09/06/99,
210.203.192.0,210.203.255.255,16384,22/08/03,
210.211.32.0,210.211.47.255,4096,05/07/06,
210.224.0.0,210.225.255.255,131072,11/05/98,
210.226.0.0,210.227.255.255,131072,10/06/98,
210.228.0.0,210.231.255.255,262144,10/06/98,
210.232.0.0,210.235.255.255,262144,31/07/98,
210.236.0.0,210.239.255.255,262144,04/11/98,
210.247.16.0,210.247.31.255,4096,01/04/04,
210.247.32.0,210.247.63.255,8192,01/04/04,
210.247.64.0,210.247.127.255,16384,01/04/04,
210.248.0.0,210.255.255.255,524288,09/02/99,
211.0.0.0,211.7.255.255,524288,27/08/99,
211.8.0.0,211.15.255.255,524288,22/11/99,
211.16.0.0,211.19.255.255,262144,22/11/99,
211.120.0.0,211.127.255.255,524288,27/04/00,
211.128.0.0,211.135.255.255,524288,27/04/00,
213.18.0.0,213.18.127.255,32768,27/11/01,
216.8.0.0,216.8.15.255,4096,10/09/99,
216.8.16.0,216.8.31.255,4096,09/10/99,
216.153.64.0,216.153.127.255,16384,09/12/98,
216.171.112.0,216.171.127.255,4096,03/03/08,
216.255.224.0,216.255.239.255,4096,21/03/00,
217.178.0.0,217.178.255.255,65536,02/03/01,
218.33.128.0,218.33.255.255,32768,04/12/03,
218.40.0.0,218.47.255.255,524288,31/05/01,
218.110.0.0,218.110.255.255,65536,20/01/03,
218.112.0.0,218.115.255.255,262144,23/08/01,
218.116.0.0,218.119.255.255,262144,10/09/01,
218.120.0.0,218.127.255.255,524288,10/09/01,
218.128.0.0,218.143.255.255,1048576,10/09/01,
218.176.0.0,218.183.255.255,524288,10/10/01,
218.185.128.0,218.185.159.255,8192,04/12/03,
218.185.160.0,218.185.191.255,8192,04/12/03,
218.216.0.0,218.223.255.255,524288,15/11/01,
218.224.0.0,218.231.255.255,524288,15/11/01,
218.251.0.0,218.251.127.255,32768,02/10/03,
218.251.128.0,218.251.255.255,32768,27/01/05,
219.0.0.0,219.63.255.255,4194304,31/10/01,
219.66.0.0,219.67.255.255,131072,10/12/03,
219.73.128.0,219.73.255.255,32768,23/08/06,
219.75.128.0,219.75.255.255,32768,05/04/05,
219.94.128.0,219.94.255.255,32768,13/10/04,
219.96.0.0,219.127.255.255,2097152,07/03/02,
219.160.0.0,219.163.255.255,262144,08/04/02,
219.164.0.0,219.165.255.255,131072,08/04/02,
219.166.0.0,219.167.255.255,131072,04/09/02,
219.168.0.0,219.175.255.255,524288,12/04/02,
219.176.0.0,219.191.255.255,1048576,12/04/02,
219.192.0.0,219.207.255.255,1048576,12/04/02,
219.208.0.0,219.215.255.255,524288,12/04/02,
220.0.0.0,220.63.255.255,4194304,12/04/02,
220.96.0.0,220.99.255.255,262144,04/09/02,
220.100.0.0,220.100.127.255,32768,27/01/04,
220.100.128.0,220.100.191.255,16384,27/01/04,
220.100.192.0,220.100.255.255,16384,04/02/04,
220.102.0.0,220.102.255.255,65536,06/04/04,
220.104.0.0,220.111.255.255,524288,03/03/03,
220.144.0.0,220.144.255.255,65536,27/11/02,
220.145.0.0,220.145.255.255,65536,28/11/02,
220.146.0.0,220.146.255.255,65536,21/10/03,
220.147.0.0,220.147.63.255,16384,21/10/03,
220.147.64.0,220.147.127.255,16384,21/10/03,
220.147.128.0,220.147.255.255,32768,21/10/03,
220.148.0.0,220.148.255.255,65536,13/11/03,
220.150.0.0,220.150.15.255,4096,22/01/04,
220.150.48.0,220.150.63.255,4096,22/01/04,
220.150.96.0,220.150.127.255,8192,22/01/04,
220.150.128.0,220.150.191.255,16384,22/01/04,
220.150.224.0,220.150.255.255,8192,22/01/04,
220.151.0.0,220.151.255.255,65536,22/07/04,
220.152.0.0,220.152.63.255,16384,16/10/03,
220.152.64.0,220.152.95.255,8192,16/10/03,
220.152.96.0,220.152.111.255,4096,07/09/06,
220.153.0.0,220.153.255.255,65536,11/08/06,
220.156.0.0,220.156.63.255,16384,13/04/04,
220.156.64.0,220.156.95.255,8192,13/04/04,
220.156.96.0,220.156.127.255,8192,03/08/04,
220.156.128.0,220.156.159.255,8192,03/08/04,
220.156.192.0,220.156.255.255,16384,12/07/06,
220.157.16.0,220.157.31.255,4096,05/11/03,
220.157.32.0,220.157.63.255,8192,05/11/03,
220.157.128.0,220.157.255.255,32768,26/03/04,
220.158.0.0,220.158.127.255,32768,30/10/03,
220.159.0.0,220.159.127.255,32768,13/10/03,
220.159.128.0,220.159.255.255,32768,11/05/04,
220.208.0.0,220.223.255.255,1048576,10/02/03,
220.247.0.0,220.247.63.255,16384,18/08/03,
220.247.64.0,220.247.127.255,16384,06/10/03,
220.254.0.0,220.254.127.255,32768,13/02/03,
220.254.128.0,220.254.255.255,32768,02/08/04,
221.12.192.0,221.12.255.255,16384,11/03/04,
221.16.0.0,221.31.255.255,1048576,15/01/03,
221.32.0.0,221.63.255.255,2097152,15/01/03,
221.64.0.0,221.95.255.255,2097152,15/01/03,
221.96.0.0,221.111.255.255,1048576,15/01/03,
221.112.0.0,221.112.255.255,65536,22/01/03,
221.113.0.0,221.113.255.255,65536,30/01/03,
221.114.0.0,221.115.255.255,131072,30/01/03,
221.116.0.0,221.119.255.255,262144,30/01/03,
221.121.160.0,221.121.175.255,4096,28/07/06,
221.121.192.0,221.121.255.255,16384,27/05/05,
221.128.0.0,221.128.63.255,16384,19/08/03,
221.132.96.0,221.132.111.255,4096,01/08/06,
221.132.128.0,221.132.191.255,16384,16/02/05,
221.133.64.0,221.133.127.255,16384,20/01/05,
221.170.0.0,221.170.255.255,65536,24/10/03,
221.171.0.0,221.171.255.255,65536,04/02/04,
221.184.0.0,221.191.255.255,524288,24/07/03,
221.240.0.0,221.255.255.255,1048576,07/08/03,
222.0.0.0,222.7.255.255,524288,27/08/03,
222.8.0.0,222.8.255.255,65536,27/08/03,
222.9.0.0,222.9.255.255,65536,21/04/04,
222.10.0.0,222.11.255.255,131072,21/04/04,
222.12.0.0,222.15.255.255,262144,21/04/04,
222.144.0.0,222.151.255.255,524288,24/11/03,
222.158.0.0,222.158.255.255,65536,02/06/04,
222.159.0.0,222.159.255.255,65536,02/06/04,
222.224.0.0,222.224.127.255,32768,23/03/04,
222.224.128.0,222.224.255.255,32768,23/03/04,
222.225.0.0,222.225.255.255,65536,19/07/05,
222.226.0.0,222.227.255.255,131072,21/04/04,
222.228.0.0,222.228.31.255,8192,17/05/04,
222.228.32.0,222.228.63.255,8192,17/05/04,
222.228.64.0,222.228.127.255,16384,17/05/04,
222.228.128.0,222.228.255.255,32768,17/05/04,
222.229.0.0,222.229.63.255,16384,08/06/04,
222.229.64.0,222.229.79.255,4096,27/07/04,
222.229.96.0,222.229.127.255,8192,15/09/06,
222.229.128.0,222.229.255.255,32768,30/11/04,
222.230.0.0,222.230.255.255,65536,30/11/04,
222.231.64.0,222.231.127.255,16384,02/11/05,
222.231.128.0,222.231.255.255,32768,03/11/05,
223.25.128.0,223.25.191.255,16384,16/08/10,
223.29.0.0,223.29.127.255,32768,01/09/10,
223.29.176.0,223.29.191.255,4096,25/03/11,
223.132.0.0,223.135.255.255,262144,08/07/10,
223.165.32.0,223.165.63.255,8192,28/07/10,
223.165.80.0,223.165.95.255,4096,25/03/11,
223.216.0.0,223.219.255.255,262144,12/07/10,
223.223.0.0,223.223.127.255,32768,03/08/10,
223.223.224.0,223.223.255.255,8192,30/07/10,
223.252.64.0,223.252.95.255,8192,27/07/10,
223.252.112.0,223.252.127.255,4096,27/07/10,
